-23738427.24,597214382.4,338363284.9,-14.97160708,-23.58654435,-25.47354486
-25031937.29,595175586.6,336161850,-14.97074582,-23.60783333,-25.48560901
-26325370.46,593134943.3,333959369.7,-14.96982706,-23.62931288,-25.49774329
-27618721.71,591092435.8,331755837.9,-14.96884946,-23.65098531,-25.50994806
-28911985.91,589048047.4,329551248.6,-14.96781166,-23.67285294,-25.52222366
-30205157.8,587001761.1,327345595.6,-14.96671226,-23.69491815,-25.53457045
-31498231.98,584953559.8,325138872.8,-14.96554983,-23.71718332,-25.54698878
-32791202.95,582903426,322931073.9,-14.96432291,-23.73965088,-25.55947899
-34084065.07,580851342.2,320722192.7,-14.96303,-23.7623233,-25.5720414
-35376812.59,578797290.6,318512223,-14.96166957,-23.78520308,-25.58467634
-36669439.59,576741253.1,316301158.5,-14.96024006,-23.80829274,-25.59738414
-37961940.04,574683211.5,314088992.9,-14.95873987,-23.83159486,-25.61016511
-39254307.75,572623147.3,311875719.9,-14.95716734,-23.85511203,-25.62301956
-40546536.42,570561041.9,309661333,-14.95552081,-23.87884689,-25.63594777
-41838619.57,568496876.2,307445826,-14.95379855,-23.90280211,-25.64895006
-43130550.58,566430631.2,305229192.3,-14.95199881,-23.9269804,-25.66202668
-44422322.68,564362287.5,303011425.6,-14.95011979,-23.95138451,-25.67517793
-45713928.94,562291825.4,300792519.4,-14.94815964,-23.97601722,-25.68840405
-47005362.28,560219225.1,298572467.2,-14.94611649,-24.00088135,-25.7017053
-48296615.43,558144466.4,296351262.6,-14.9439884,-24.02597976,-25.71508192
-49587680.97,556067528.9,294128898.9,-14.94177339,-24.05131534,-25.72853414
-50878551.31,553988392.2,291905369.7,-14.93946946,-24.07689103,-25.74206218
-52169218.67,551907035.2,289680668.4,-14.93707452,-24.10270981,-25.75566623
-53459675.1,549823436.8,287454788.4,-14.93458646,-24.1287747,-25.7693465
-54749912.47,547737575.7,285227723.1,-14.93200312,-24.15508873,-25.78310315
-56039922.43,545649430.2,282999465.9,-14.92932227,-24.18165502,-25.79693635
-57329696.48,543558978.4,280770010.3,-14.92654165,-24.20847669,-25.81084625
-58619225.89,541466198,278539349.5,-14.92365894,-24.23555692,-25.82483297
-59908501.74,539371066.6,276307476.9,-14.92067174,-24.26289892,-25.83889663
-61197514.89,537273561.4,274074385.9,-14.91757763,-24.29050597,-25.85303732
-62486256,535173659.4,271840069.9,-14.91437411,-24.31838136,-25.86725512
-63774715.51,533071337.3,269604522,-14.91105863,-24.34652843,-25.88155008
-65062883.63,530966571.4,267367735.8,-14.90762859,-24.37495056,-25.89592223
-66350750.35,528859337.8,265129704.4,-14.90408129,-24.4036512,-25.9103716
-67638305.42,526749612.4,262890421.4,-14.90041401,-24.4326338,-25.92489818
-68925538.36,524637370.5,260649879.8,-14.89662394,-24.46190189,-25.93950193
-70212438.42,522522587.4,258408073.2,-14.89270822,-24.49145902,-25.95418279
-71498994.63,520405237.9,256164994.8,-14.88866389,-24.5213088,-25.96894068
-72785195.75,518285296.7,253920638,-14.88448797,-24.55145487,-25.9837755
-74071030.28,516162737.9,251674996.2,-14.88017736,-24.58190092,-25.9986871
-75356486.43,514037535.5,249428062.7,-14.87572892,-24.61265068,-26.01367533
-76641552.17,511909663,247179830.9,-14.87113941,-24.64370794,-26.02873997
-77926215.16,509779093.8,244930294.2,-14.86640555,-24.67507652,-26.04388081
-79210462.79,507645800.7,242679446.1,-14.86152393,-24.70676027,-26.05909757
-80494282.14,505509756.4,240427280,-14.8564911,-24.73876313,-26.07438997
-81777660,503370933.1,238173789.4,-14.85130353,-24.77108903,-26.08975767
-83060582.83,501229302.8,235918967.7,-14.84595756,-24.80374198,-26.10520029
-84343036.8,499084837,233662808.6,-14.84044951,-24.83672602,-26.12071744
-85625007.73,496937506.9,231405305.6,-14.83477555,-24.87004524,-26.13630865
-86906481.12,494787283.4,229146452.3,-14.8289318,-24.90370377,-26.15197344
-88187442.14,492634137,226886242.5,-14.82291427,-24.93770578,-26.16771126
-89467875.59,490478037.8,224624669.8,-14.81671889,-24.97205549,-26.18352153
-90747765.92,488318955.7,222361727.9,-14.81034148,-25.00675715,-26.19940363
-92027097.23,486156859.9,220097410.8,-14.80377776,-25.04181507,-26.21535686
-93305853.23,483991719.6,217831712.2,-14.79702336,-25.07723359,-26.2313805
-94584017.25,481823503.5,215564626.2,-14.79007381,-25.11301709,-26.24747376
-95861572.23,479652179.6,213296146.8,-14.78292452,-25.14916999,-26.26363578
-97138500.72,477477716.1,211026268,-14.7755708,-25.18569676,-26.27986569
-98414784.84,475300080.4,208754984,-14.76800785,-25.22260189,-26.2961625
-99690406.31,473119239.5,206482289.2,-14.76023076,-25.25988993,-26.31252519
-100965346.4,470935160.2,204208177.8,-14.7522345,-25.29756545,-26.32895268
-102239586,468747808.9,201932644.3,-14.74401393,-25.33563307,-26.34544381
-103513105.4,466557151.4,199655683.3,-14.73556378,-25.37409742,-26.36199734
-104785884.6,464363153.3,197377289.4,-14.72687867,-25.41296318,-26.37861198
-106057903.1,462165779.7,195097457.5,-14.71795309,-25.45223508,-26.39528634
-107329139.8,459964995.2,192816182.3,-14.70878139,-25.49191783,-26.41201897
-108599573.3,457760764.3,190533459,-14.69935782,-25.53201622,-26.42880834
-109869181.4,455553050.7,188249282.6,-14.68967647,-25.57253505,-26.44565281
-111137941.8,453341818,185963648.6,-14.67973131,-25.61347912,-26.46255068
-112405831.2,451127029.1,183676552.4,-14.66951617,-25.65485328,-26.47950015
-113672826.2,448908646.8,181387989.6,-14.65902473,-25.6966624,-26.49649932
-114938902.6,446686633.2,179097955.9,-14.64825054,-25.73891136,-26.5135462
-116204035.6,444460950.1,176806447.5,-14.63718701,-25.78160506,-26.53063869
-117468199.9,442231558.9,174513460.3,-14.62582737,-25.8247484,-26.5477746
-118731369.8,439998420.5,172218990.8,-14.61416474,-25.86834632,-26.56495161
-119993518.7,437761495.4,169923035.6,-14.60219207,-25.91240372,-26.58216731
-121254619.5,435520743.8,167625591.3,-14.58990214,-25.95692556,-26.59941915
-122514644.4,433276125.2,165326655,-14.57728759,-26.00191676,-26.6167045
-123773565.2,431027598.9,163026223.8,-14.56434089,-26.04738225,-26.63402055
-125031352.7,428775123.7,160724295.4,-14.55105436,-26.09332695,-26.65136441
-126287977.4,426518658,158420867.4,-14.53742014,-26.13975577,-26.66873304
-127543408.7,424258159.8,156115937.7,-14.5234302,-26.18667361,-26.68612325
-128797615.6,421993586.6,153809504.7,-14.50907636,-26.23408535,-26.70353172
-130050566.4,419724895.5,151501567,-14.49435025,-26.28199583,-26.72095499
-131302228.4,417452043.2,149192123.4,-14.47924332,-26.33040988,-26.73838944
-132552568.4,415174986.1,146881173.1,-14.46374686,-26.37933228,-26.7558313
-133801552.4,412893679.8,144568715.7,-14.44785196,-26.42876778,-26.77327662
-135049145.5,410608080.1,142254750.9,-14.43154956,-26.47872107,-26.79072133
-136295312.1,408318141.8,139939279.1,-14.41483039,-26.5291968,-26.80816113
-137540015.9,406023819.7,137622300.9,-14.39768501,-26.58019955,-26.82559159
-138783219.6,403725068,135303817.3,-14.38010377,-26.63173384,-26.84300807
-140024885,401421840.6,132983829.7,-14.36207688,-26.68380411,-26.86040577
-141264973.3,399114091.1,130662339.9,-14.34359431,-26.73641472,-26.87777967
-142503444.7,396801772.5,128339350.2,-14.32464587,-26.78956994,-26.89512456
-143740258.4,394484837.6,126014863.4,-14.30522118,-26.84327396,-26.91243505
-144975372.9,392163238.8,123688882.6,-14.28530966,-26.89753082,-26.92970552
-146208745.6,389836928.2,121361411.6,-14.26490054,-26.95234449,-26.94693012
-147440333,387505857.6,119032454.5,-14.24398287,-27.00771879,-26.96410282
-148670090.9,385169978.2,116702016.3,-14.22254548,-27.06365741,-26.98121733
-149897973.6,382829241.2,114370102.1,-14.20057705,-27.12016388,-26.99826713
-151123934.9,380483597.4,112036717.8,-14.17806604,-27.17724161,-27.01524549
-152347927.5,378132997.3,109701869.9,-14.15500074,-27.23489379,-27.03214541
-153569902.8,375777391.1,107365565.5,-14.13136925,-27.29312348,-27.04895965
-154789811.4,373416728.9,105027812.3,-14.10715946,-27.35193351,-27.06568071
-156007602.9,371050960.2,102688618.8,-14.08235912,-27.41132653,-27.08230083
-157223225.7,368680034.8,100347993.9,-14.05695577,-27.47130496,-27.09881199
-158436627.1,366303901.8,98005947.46,-14.03093678,-27.53187099,-27.11520589
-159647753.5,363922510.5,95662489.95,-14.00428937,-27.59302656,-27.13147396
-160856549.9,361535809.8,93317632.64,-13.97700055,-27.65477336,-27.14760733
-162062960.3,359143748.6,90971387.54,-13.94905721,-27.7171128,-27.16359686
-163266927.7,356746275.6,88623767.51,-13.92044605,-27.780046,-27.17943312
-164468393.8,354343339.5,86274786.2,-13.89115364,-27.84357376,-27.19510635
-165667299.1,351934888.9,83924458.12,-13.8611664,-27.90769657,-27.21060652
-166863582.9,349520872.4,81572798.67,-13.8304706,-27.97241458,-27.22592327
-168057183.6,347101238.5,79219824.17,-13.79905241,-28.03772758,-27.24104595
-169248038,344675936,76865551.84,-13.76689784,-28.10363498,-27.25596357
-170436081.9,342244913.3,74509999.89,-13.73399283,-28.17013578,-27.27066484
-171621249.9,339808119.4,72153187.52,-13.70032319,-28.23722861,-27.28513814
-172803475.3,337365503.2,69795134.93,-13.66587467,-28.30491162,-27.29937151
-173982690.2,334917013.8,67435863.38,-13.63063292,-28.37318254,-27.31335269
-175158825.4,332462600.4,65075395.21,-13.59458354,-28.44203861,-27.32706908
-176331810.6,330002212.7,62713753.85,-13.55771208,-28.51147659,-27.34050773
-177501574,327535800.6,60350963.86,-13.52000406,-28.58149272,-27.35365538
-178668042.8,325063314.3,57987050.97,-13.48144498,-28.65208269,-27.36649844
-179831142.8,322584704.3,55622042.1,-13.44202034,-28.72324167,-27.37902298
-180990798.5,320099921.9,53255965.38,-13.40171566,-28.79496424,-27.39121474
-182146933.5,317608918.5,50888850.2,-13.3605165,-28.86724435,-27.40305913
-183299469.6,315111646.2,48520727.2,-13.31840849,-28.94007539,-27.41454124
-184448327.9,312608057.8,46151628.34,-13.27537731,-29.01345006,-27.42564585
-185593427.8,310098106.6,43781586.91,-13.23140878,-29.08736042,-27.43635741
-186734687.9,307581746.7,41410637.56,-13.18648884,-29.16179784,-27.44666006
-187872025.3,305058933,39038816.3,-13.14060356,-29.236753,-27.45653764
-189005356,302529621.2,36666160.57,-13.09373922,-29.31221583,-27.46597368
-190134594.8,299993767.8,34292709.24,-13.0458823,-29.38817554,-27.47495146
-191259655.5,297451330.5,31918502.64,-12.9970195,-29.46462056,-27.48345394
-192380450.5,294902267.8,29543582.59,-12.94713781,-29.54153853,-27.49146384
-193496891.2,292346539.4,27167992.38,-12.8962245,-29.61891631,-27.49896362
-194608888,289784106.2,24791776.88,-12.84426719,-29.69673991,-27.5059355
-195716350.1,287214930.3,22414982.45,-12.79125385,-29.77499452,-27.51236147
-196819185.9,284638975.2,20037657.06,-12.73717285,-29.85366447,-27.51822334
-197917302.5,282056205.6,17659850.24,-12.68201301,-29.93273323,-27.52350269
-199010606.4,279466587.9,15281613.11,-12.6257636,-30.01218336,-27.52818096
-200099002.8,276870089.8,12902998.41,-12.56841442,-30.09199656,-27.53223945
-201182396.4,274266681,10524060.52,-12.50995579,-30.17215359,-27.5356593
-202260691,271656332.4,8144855.426,-12.45037866,-30.25263432,-27.53842157
-203333789.4,269039017,5765440.761,-12.38967457,-30.33341768,-27.54050726
-204401594,266414709.7,3385875.806,-12.32783573,-30.41448167,-27.5418973
-205464006.5,263783387.2,1006221.491,-12.26485509,-30.49580338,-27.54257261
-206520927.9,261145028.2,-1373459.608,-12.20072632,-30.57735895,-27.54251413
-207572258.8,258499613.5,-3753103.269,-12.13544388,-30.65912358,-27.54170282
-208617899.3,255847126.3,-6132643.629,-12.06900309,-30.74107155,-27.54011976
-209657749.1,253187551.9,-8512013.194,-12.00140013,-30.82317622,-27.5377461
-210691707.7,250520877.8,-10891142.85,-11.93263209,-30.90541003,-27.53456318
-211719674.3,247847094.1,-13269961.87,-11.86269702,-30.98774452,-27.53055251
-212741548.1,245166193.5,-15648397.96,-11.79159399,-31.07015035,-27.52569582
-213757228.1,242478170.9,-18026377.23,-11.71932308,-31.15259729,-27.51997513
-214766613.5,239783024.4,-20403824.27,-11.64588546,-31.23505427,-27.51337276
-215769603.6,237080754.2,-22780662.15,-11.57128341,-31.31748942,-27.50587139
-216766097.8,234371363.7,-25156812.46,-11.49552036,-31.39987002,-27.49745409
-217755996.2,231654859.2,-27532195.36,-11.41860094,-31.48216263,-27.48810438
-218739198.9,228931249.6,-29906729.59,-11.34053097,-31.56433306,-27.47780628
-219715607,226200547,-32280332.53,-11.26131754,-31.64634642,-27.46654431
-220685121.9,223462766.5,-34652920.26,-11.18096902,-31.72816717,-27.45430362
-221647646,220717926.3,-37024407.59,-11.09949506,-31.80975916,-27.44106994
-222603082.6,217966047.7,-39394708.15,-11.01690667,-31.89108568,-27.42682969
-223551335.8,215207155.4,-41763734.4,-10.93321617,-31.97210951,-27.41157004
-224492311,212441277,-44131397.75,-10.84843726,-32.05279298,-27.39527887
-225425914.8,209668443.6,-46497608.56,-10.76258503,-32.13309802,-27.37794492
-226352055.2,206888689.7,-48862276.3,-10.67567595,-32.2129862,-27.35955776
-227270641.7,204102052.7,-51225309.53,-10.58772787,-32.29241885,-27.34010786
-228181585.2,201308573.9,-53586616.08,-10.49876005,-32.37135709,-27.31958664
-229084798.7,198508297.6,-55946103.03,-10.40879315,-32.44976188,-27.29798648
-229980196.6,195701271.6,-58303676.88,-10.31784922,-32.52759414,-27.2753008
-230867695.5,192887546.9,-60659243.59,-10.22595167,-32.60481478,-27.25152407
-231747214.3,190067178.3,-63012708.69,-10.13312531,-32.68138481,-27.22665184
-232618673.6,187240223.5,-65363977.38,-10.03939626,-32.75726538,-27.20068079
-233481996.7,184406743.8,-67712954.62,-9.944792002,-32.8324179,-27.17360875
-234337109.3,181566803.8,-70059545.23,-9.849341283,-32.90680409,-27.14543473
-235183939.4,178720471.2,-72403654.01,-9.75307413,-32.98038607,-27.11615892
-236022417.9,175867817.3,-74745185.8,-9.656021792,-33.05312644,-27.08578277
-236852478.3,173008916.3,-77084045.65,-9.558216705,-33.12498835,-27.05430891
-237674057,170143845.6,-79420138.88,-9.459692443,-33.19593562,-27.02174128
-238487093.4,167272686,-81753371.19,-9.360483672,-33.26593275,-26.98808504
-239291529.9,164395520.8,-84083648.81,-9.26062609,-33.33494506,-26.95334661
-240087312,161512436.8,-86410878.54,-9.160156377,-33.40293873,-26.91753371
-240874388.4,158623523.3,-88734967.94,-9.059112123,-33.46988092,-26.88065529
-241652711.1,155728872.6,-91055825.38,-8.957531773,-33.53573976,-26.84272157
-242422235.5,152828579.6,-93373360.17,-8.855454551,-33.60048452,-26.80374402
-243182920.5,149922741.8,-95687482.65,-8.752920391,-33.66408558,-26.76373534
-243934728.2,147011459.3,-97998104.34,-8.649969863,-33.72651459,-26.72270942
-244677624.5,144094834.6,-100305138,-8.546644097,-33.78774444,-26.68068139
-245411578.7,141172972.4,-102608497.7,-8.442984701,-33.84774937,-26.63766749
-246136563.8,138245979.5,-104908099,-8.339033686,-33.90650502,-26.59368513
-246852556.5,135313964.9,-107203859.1,-8.234833378,-33.96398845,-26.5487528
-247559537.1,132377039.6,-109495696.7,-8.130426341,-34.0201782,-26.50289007
-248257489.5,129435316,-111783532.3,-8.025855289,-34.07505434,-26.45611753
-248946401.4,126488908.5,-114067288.2,-7.921163007,-34.12859848,-26.40845672
-249626264.2,123537933,-116346888.7,-7.816392263,-34.18079381,-26.35993015
-250297072.9,120582506.6,-118622259.9,-7.71158573,-34.23162513,-26.3105612
-250958826.4,117622747.9,-120893330.1,-7.6067859,-34.28107883,-26.26037407
-251611526.9,114658776.2,-123160029.7,-7.502035005,-34.32914297,-26.20939375
-252255180.7,111690712.3,-125422291.3,-7.397374938,-34.37580722,-26.15764595
-252889797.1,108718677.3,-127680049.6,-7.292847178,-34.42106291,-26.10515703
-253515389.6,105742793.4,-129933241.8,-7.188492709,-34.46490299,-26.05195398
-254131974.8,102763183,-132181807.5,-7.084351955,-34.50732207,-25.99806431
-254739573,99779969.16,-134425688.4,-6.980464705,-34.54831633,-25.94351603
-255338207.6,96793275.04,-136664828.9,-6.876870051,-34.5878836,-25.88833757
-255927905.6,93803223.99,-138899175.8,-6.773606319,-34.62602325,-25.83255772
-256508697.4,90809939.32,-141128678.4,-6.670711016,-34.66273621,-25.77620558
-257080616.2,87813544.19,-143353288.5,-6.568220769,-34.69802494,-25.71931048
-257643698.6,84814161.51,-145572960.4,-6.466171275,-34.73189338,-25.66190193
-258197984.3,81811913.77,-147787651.2,-6.364597253,-34.7643469,-25.60400956
-258743515.7,78806922.92,-149997320.2,-6.263532399,-34.7953923,-25.54566306
-259280338.3,75799310.3,-152201929.5,-6.163009344,-34.82503773,-25.48689214
-259808500.2,72789196.45,-154401443.8,-6.063059623,-34.85329265,-25.42772645
-260328052.3,69776701.07,-156595830.1,-5.963713639,-34.88016778,-25.36819551
-260839048.1,66761942.85,-158785058.3,-5.865000636,-34.90567506,-25.30832871
-261341543.5,63745039.43,-160969100.5,-5.766948677,-34.92982758,-25.24815523
-261835596.7,60726107.26,-163147931.5,-5.669584624,-34.95263953,-25.18770398
-262321268.3,57705261.49,-165321528.6,-5.57293412,-34.97412614,-25.12700358
-262798621,54682615.96,-167489871.4,-5.477021584,-34.99430364,-25.06608231
-263267719.5,51658283.03,-169652942.1,-5.381870196,-35.01318917,-25.00496803
-263728630.7,48632373.56,-171810725.1,-5.287501895,-35.03080075,-24.94368822
-264181423,45604996.81,-173963207.4,-5.193937384,-35.04715719,-24.88226986
-264626166.8,42576260.39,-176110378.1,-5.101196123,-35.06227808,-24.82073947
-265062933.9,39546270.16,-178252228.7,-5.009296344,-35.07618365,-24.75912301
-265491797.9,36515130.25,-180388752.8,-4.918255057,-35.08889482,-24.69744592
-265912833.6,33482942.92,-182519946.3,-4.828088059,-35.10043302,-24.63573303
-266326117.1,30449808.57,-184645807.1,-4.738809955,-35.11082025,-24.57400859
-266731725.9,27415825.68,-186766335.3,-4.650434168,-35.12007894,-24.51229622
-267129738.5,24381090.78,-188881532.9,-4.562972965,-35.12823192,-24.45061891
-267520234.3,21345698.38,-190991403.9,-4.476437476,-35.13530239,-24.38899897
-267903293.8,18309741.02,-193095954.2,-4.390837715,-35.14131383,-24.32745807
-268278998.3,15273309.17,-195195191.6,-4.306182611,-35.14628999,-24.26601718
-268647429.6,12236491.24,-197289125.5,-4.22248003,-35.15025478,-24.2046966
-269008670.5,9199373.575,-199377767.2,-4.139736806,-35.15323232,-24.14351591
-269362803.9,6162040.431,-201461129.6,-4.057958769,-35.15524679,-24.08249401
-269709913.7,3124573.968,-203539227.2,-3.977150778,-35.15632245,-24.0216491
-270050083.7,87054.25001,-205612076.2,-3.897316749,-35.15648359,-23.96099868
-270383398.1,-2950440.757,-207679693.9,-3.81845969,-35.15575448,-23.90055952
-270709941.7,-5987835.183,-209742099.4,-3.74058173,-35.15415934,-23.84034773
-271029798.9,-9025055.245,-211799313,-3.663684158,-35.1517223,-23.78037871
-271343054.6,-12062029.24,-213851356.3,-3.58776745,-35.14846737,-23.72066717
-271649793.4,-15098687.54,-215898252.1,-3.512831309,-35.1444184,-23.66122713
-271950100,-18134962.56,-217940024.5,-3.438874691,-35.13959908,-23.60207196
-272244059.1,-21170788.75,-219976698.7,-3.365895844,-35.13403287,-23.54321435
-272531754.9,-24206102.59,-222008300.9,-3.293892342,-35.12774301,-23.48466633
-272813271.7,-27240842.56,-224034858.3,-3.222861112,-35.12075249,-23.42643932
-273088693.2,-30274949.1,-226056399.1,-3.152798473,-35.11308401,-23.36854406
-273358103,-33308364.6,-228072952.5,-3.083700164,-35.10475997,-23.31099072
-273621584.2,-36341033.38,-230084548.5,-3.015561379,-35.09580247,-23.25378883
-273879219.5,-39372901.65,-232091217.6,-2.948376794,-35.08623328,-23.19694737
-274131091.1,-42403917.49,-234092991.6,-2.882140602,-35.07607381,-23.14047469
-274377280.5,-45434030.81,-236089902.5,-2.816846538,-35.06534511,-23.08437863
-274617869.1,-48463193.33,-238081983.3,-2.752487913,-35.05406789,-23.02866646
-274852937.2,-51491358.53,-240069267.3,-2.689057639,-35.04226245,-22.97334492
-275082564.8,-54518481.64,-242051788.7,-2.626548255,-35.02994871,-22.91842025
-275306831,-57544519.59,-244029581.9,-2.564951959,-35.01714619,-22.86389817
-275525814.5,-60569430.98,-246002682.1,-2.504260629,-35.00387403,-22.80978394
-275739593.1,-63593176.04,-247971124.5,-2.44446585,-34.99015094,-22.75608233
-275948243.8,-66615716.6,-249934945.1,-2.385558936,-34.97599522,-22.70279768
-276151843,-69637016.06,-251894180,-2.327530957,-34.96142477,-22.6499339
-276350466.2,-72657039.36,-253848865.9,-2.270372757,-34.94645707,-22.59749445
-276544188.2,-75675752.9,-255799039.4,-2.214074978,-34.93110917,-22.54548242
-276733082.8,-78693124.55,-257744737.6,-2.158628082,-34.91539773,-22.49390049
-276917223.3,-81709123.62,-259685997.9,-2.104022364,-34.89933897,-22.44275098
-277096681.9,-84723720.78,-261622857.5,-2.05024798,-34.8829487,-22.39203585
-277271529.8,-87736888.05,-263555354.2,-1.997294957,-34.86624234,-22.34175672
-277441837.8,-90748598.78,-265483525.7,-1.945153214,-34.84923487,-22.29191488
-277607675.4,-93758827.59,-267407409.7,-1.893812579,-34.83194087,-22.24251131
-277769111.4,-96767550.32,-269327044.3,-1.843262801,-34.81437454,-22.19354668
-277926213.7,-99774744.06,-271242467.2,-1.793493569,-34.79654966,-22.14502139
-278079049.3,-102780387,-273153716.6,-1.744494521,-34.77847961,-22.09693556
-278227684.2,-105784458.7,-275060830.4,-1.696255261,-34.76017741,-22.04928904
-278372183.7,-108786939.4,-276963846.4,-1.648765371,-34.74165568,-22.00208147
-278512612.1,-111787810.8,-278862802.7,-1.60201442,-34.72292665,-21.95531221
-278649032.8,-114787055.5,-280757737,-1.555991979,-34.7040022,-21.90898042
-278781508.2,-117784657.1,-282648687,-1.510687628,-34.68489384,-21.86308506
-278910100,-120780600.2,-284535690.6,-1.466090966,-34.66561272,-21.81762488
-279034868.8,-123774870.3,-286418785.1,-1.422191625,-34.64616963,-21.77259844
-279155874.5,-126767453.9,-288298008,-1.37897927,-34.62657502,-21.72800413
-279273175.9,-129758338.4,-290173396.6,-1.336443614,-34.60683902,-21.68384016
-279386831.2,-132747511.9,-292044988,-1.294574424,-34.58697141,-21.64010459
-279496897.3,-135734963.5,-293912819,-1.253361525,-34.56698163,-21.59679534
-279603430.6,-138720683.1,-295776926.4,-1.212794809,-34.54687885,-21.55391018
-279706486.6,-141704661.2,-297637346.8,-1.172864241,-34.52667189,-21.51144676
-279806119.6,-144686889.2,-299494116.5,-1.133559864,-34.50636928,-21.46940259
-279902383.5,-147667359.3,-301347271.6,-1.094871801,-34.48597925,-21.42777509
-279995330.9,-150646064.1,-303196847.9,-1.056790266,-34.46550977,-21.38656156
-280085014,-153622997.3,-305042881.3,-1.019305563,-34.4449685,-21.34575922
-280171483.9,-156598152.8,-306885406.9,-0.98240809,-34.42436283,-21.30536516
-280254790.8,-159571525.5,-308724460,-0.946088347,-34.40369989,-21.26537643
-280334984.3,-162543110.7,-310560075.5,-0.910336933,-34.38298656,-21.22578998
-280412113.1,-165512904.4,-312392288,-0.875144553,-34.36222944,-21.1866027
-280486225.1,-168480902.9,-314221131.9,-0.84050202,-34.34143492,-21.1478114
-280557367.4,-171447103.4,-316046641.2,-0.806400256,-34.32060913,-21.10941284
-280625586.4,-174411503.4,-317868849.6,-0.772830295,-34.29975797,-21.07140372
-280690927.6,-177374101,-319687790.8,-0.739783282,-34.27888712,-21.03378072
-280753435.7,-180334894.7,-321503498,-0.707250481,-34.25800204,-20.99654043
-280813155,-183293883.5,-323316003.9,-0.675223267,-34.23710797,-20.95967945
-280870128.6,-186251066.9,-325125341.4,-0.643693135,-34.21620996,-20.9231943
-280924399.2,-189206444.6,-326931542.6,-0.612651697,-34.19531285,-20.8870815
-280976008.7,-192160017.1,-328734639.7,-0.582090683,-34.17442129,-20.85133753
-281024998.1,-195111784.9,-330534664.3,-0.552001942,-34.15353974,-20.81595887
-281071408,-198061749.2,-332331647.8,-0.522377442,-34.13267247,-20.78094195
-281115278.1,-201009911.2,-334125621.4,-0.493209271,-34.11182358,-20.74628322
-281156647.5,-203956272.9,-335916615.8,-0.464489634,-34.09099702,-20.71197908
-281195554.6,-206900836.3,-337704661.5,-0.436210857,-34.07019655,-20.67802596
-281232037.2,-209843603.7,-339489788.7,-0.408365384,-34.04942576,-20.64442025
-281266132.4,-212784578,-341272027.2,-0.380945777,-34.02868812,-20.61115837
-281297876.7,-215723762.1,-343051406.6,-0.353944717,-34.00798693,-20.57823671
-281327305.9,-218661159.3,-344827956.2,-0.327355001,-33.98732535,-20.54565169
-281354455.3,-221596773.1,-346601704.8,-0.301169543,-33.96670638,-20.51339972
-281379359.4,-224530607.5,-348372681.1,-0.275381373,-33.94613292,-20.48147722
-281402052.4,-227462666.3,-350140913.5,-0.249983635,-33.92560771,-20.44988061
-281422567.6,-230392953.9,-351906429.8,-0.224969588,-33.90513338,-20.41860634
-281440938,-233321474.9,-353669257.8,-0.200332604,-33.88471243,-20.38765085
-281457195.8,-236248233.9,-355429424.9,-0.176066166,-33.86434725,-20.35701063
-281471372.7,-239173235.8,-357186958.2,-0.152163869,-33.84404011,-20.32668214
-281483500,-242096485.7,-358941884.5,-0.128619416,-33.82379316,-20.2966619
-281493608.3,-245017989,-360694230.2,-0.105426621,-33.80360847,-20.26694642
-281501727.7,-247937751.1,-362444021.5,-0.082579403,-33.78348798,-20.23753225
-281507887.8,-250855777.6,-364191284.3,-0.060071788,-33.76343355,-20.20841594
-281512117.7,-253772074.4,-365936044.3,-0.037897906,-33.74344693,-20.17959408
-281514446,-256686647.3,-367678326.6,-0.016051992,-33.7235298,-20.15106329
-281514900.8,-259599502.4,-369418156.3,0.005471618,-33.70368373,-20.1228202
-281513509.6,-262510645.9,-371155558.1,0.026678488,-33.68391022,-20.09486146
-281510299.7,-265420084.2,-372890556.4,0.047574082,-33.66421066,-20.06718376
-281505297.6,-268327823.7,-374623175.5,0.068163766,-33.64458641,-20.03978382
-281498529.6,-271233870.9,-376353439,0.088452809,-33.62503869,-20.01265837
-281490021.5,-274138232.6,-378081370.6,0.108446387,-33.60556871,-19.98580418
-281479798.5,-277040915.5,-379806993.7,0.128149581,-33.58617757,-19.95921806
-281467885.5,-279941926.4,-381530331.1,0.147567378,-33.5668663,-19.93289683
-281454306.9,-282841272.3,-383251405.8,0.166704678,-33.54763589,-19.90683735
-281439086.8,-285738960.2,-384970240.1,0.185566289,-33.52848725,-19.88103649
-281422248.9,-288634997.3,-386686856.3,0.204156931,-33.50942123,-19.85549119
-281403816.2,-291529390.6,-388401276.2,0.22248124,-33.49043862,-19.83019839
-281383811.6,-294422147.5,-390113521.7,0.240543763,-33.47154016,-19.80515507
-281362257.6,-297313275.2,-391823614.1,0.258348968,-33.45272653,-19.78035823
-281339176.2,-300202781.1,-393531574.6,0.275901237,-33.43399836,-19.75580493
-281314589.1,-303090672.6,-395237424.2,0.293204872,-33.41535624,-19.73149224
-281288517.5,-305976957.2,-396941183.3,0.310264097,-33.39680068,-19.70741725
-281260982.3,-308861642.3,-398642872.6,0.327083057,-33.37833219,-19.68357711
-281232004.3,-311744735.5,-400342512.2,0.34366582,-33.3599512,-19.65996899
-281201603.6,-314626244.4,-402040121.9,0.360016378,-33.3416581,-19.63659009
-281169800.1,-317506176.5,-403735721.4,0.376138651,-33.32345326,-19.61343763
-281136613.3,-320384539.6,-405429330.3,0.392036484,-33.305337,-19.59050889
-281102062.5,-323261341.3,-407120967.7,0.407713653,-33.28730959,-19.56780116
-281066166.6,-326136589.3,-408810652.7,0.423173862,-33.26937128,-19.54531177
-281028944.2,-329010291.3,-410498403.8,0.438420746,-33.25152227,-19.52303807
-280990413.6,-331882454.9,-412184239.8,0.453457874,-33.23376275,-19.50097746
-280950592.6,-334753088,-413868178.8,0.468288749,-33.21609286,-19.47912736
-280909499.1,-337622198.4,-415550239,0.482916806,-33.19851271,-19.45748522
-280867150.3,-340489793.6,-417230438.2,0.497345418,-33.18102238,-19.43604853
-280823563.5,-343355881.6,-418908794,0.511577897,-33.16362193,-19.4148148
-280778755.2,-346220470.1,-420585323.9,0.525617491,-33.14631139,-19.39378158
-280732742.2,-349083566.8,-422260045.2,0.539467387,-33.12909075,-19.37294644
-280685540.6,-351945179.6,-423932974.7,0.553130717,-33.11196001,-19.35230699
-280637166.5,-354805316.1,-425604129.4,0.56661055,-33.09491911,-19.33186087
-280587635.5,-357663984.2,-427273525.8,0.579909901,-33.07796798,-19.31160574
-280536963.2,-360521191.5,-428941180.3,0.593031729,-33.06110654,-19.2915393
-280485164.7,-363376946,-430607109.1,0.605978936,-33.04433467,-19.27165927
-280432255,-366231255.1,-432271328.3,0.618754374,-33.02765224,-19.2519634
-280378248.8,-369084126.8,-433933853.6,0.631360838,-33.0110591,-19.23244949
-280323160.6,-371935568.7,-435594700.8,0.643801074,-32.99455509,-19.21311533
-280267004.7,-374785588.5,-437253885.1,0.656077777,-32.97814002,-19.19395878
-280209795,-377634193.9,-438911421.9,0.668193592,-32.96181369,-19.17497769
-280151545.4,-380481392.5,-440567326.2,0.680151116,-32.94557588,-19.15616997
-280092269.4,-383327191.9,-442221613,0.691952895,-32.92942636,-19.13753354
-280031980.3,-386171599.9,-443874296.9,0.703601433,-32.91336489,-19.11906634
-279970691.4,-389014623.9,-445525392.5,0.715099184,-32.8973912,-19.10076636
-279908415.5,-391856271.6,-447174914.1,0.72644856,-32.88150502,-19.08263159
-279845165.3,-394696550.5,-448822875.9,0.737651926,-32.86570608,-19.06466008
-279780953.4,-397535468.1,-450469292,0.748711605,-32.84999406,-19.04684986
-279715792,-400373032,-452114176.2,0.759629878,-32.83436867,-19.02919903
-279649693.3,-403209249.5,-453757542.1,0.770408983,-32.81882958,-19.0117057
-279582669.3,-406044128.2,-455399403.4,0.78105112,-32.80337648,-18.99436799
-279514731.6,-408877675.4,-457039773.3,0.791558445,-32.78800902,-18.97718406
-279445891.8,-411709898.6,-458678665.2,0.801933078,-32.77272685,-18.96015209
-279376161.3,-414540805.1,-460316091.9,0.812177098,-32.75752963,-18.94327029
-279305551.3,-417370402.2,-461952066.6,0.822292548,-32.742417,-18.9265369
-279234072.8,-420198697.2,-463586601.7,0.832281435,-32.72738857,-18.90995015
-279161736.7,-423025697.3,-465219710.1,0.842145726,-32.71244398,-18.89350834
-279088553.5,-425851409.9,-466851404.1,0.851887356,-32.69758284,-18.87720975
-279014534,-428675842,-468481696,0.861508224,-32.68280477,-18.86105272
-278939688.4,-431499000.9,-470110598,0.871010194,-32.66810936,-18.84503559
-278864026.8,-434320893.7,-471738122.2,0.880395098,-32.65349622,-18.82915672
-278787559.4,-437141527.4,-473364280.3,0.889664734,-32.63896495,-18.81341451
-278710296,-439960909.2,-474989084.1,0.898820868,-32.62451512,-18.79780737
-278632246.4,-442779046,-476612545.2,0.907865234,-32.61014634,-18.78233373
-278553420.1,-445595944.8,-478234675.2,0.916799538,-32.59585817,-18.76699204
-278473826.5,-448411612.6,-479855485.2,0.925625451,-32.58165021,-18.75178078
-278393475.1,-451226056.2,-481474986.6,0.934344618,-32.56752201,-18.73669845
-278312374.8,-454039282.7,-483093190.4,0.942958652,-32.55347315,-18.72174355
-278230534.8,-456851298.7,-484710107.5,0.951469141,-32.53950321,-18.70691463
-278147963.9,-459662111.1,-486325748.8,0.95987764,-32.52561173,-18.69221024
-278064670.8,-462471726.6,-487940125,0.968185682,-32.5117983,-18.67762895
-277980664.2,-465280152.1,-489553246.6,0.976394769,-32.49806247,-18.66316936
-277895952.6,-468087394.1,-491165124.1,0.984506378,-32.48440379,-18.64883008
-277810544.3,-470893459.2,-492775767.9,0.99252196,-32.47082182,-18.63460974
-277724447.5,-473698354.3,-494385188.1,1.000442941,-32.45731613,-18.620507
-277637670.5,-476502085.7,-495993394.8,1.008270722,-32.44388626,-18.60652051
-277550221,-479304660,-497600398.1,1.016006678,-32.43053176,-18.59264897
-277462107.1,-482106083.7,-499206207.8,1.023652163,-32.4172522,-18.57889108
-277373336.5,-484906363.3,-500810833.7,1.031208505,-32.40404711,-18.56524556
-277283916.8,-487705505.2,-502414285.5,1.03867701,-32.39091606,-18.55171115
-277193855.6,-490503515.7,-504016572.6,1.04605896,-32.37785859,-18.5382866
-277103160.3,-493300401.2,-505617704.5,1.053355618,-32.36487424,-18.52497069
-277011838.2,-496096168.1,-507217690.6,1.060568223,-32.35196258,-18.5117622
-276919896.5,-498890822.5,-508816540.1,1.067697993,-32.33912315,-18.49865994
-276827342.3,-501684370.6,-510414262.1,1.074746124,-32.3263555,-18.48566273
-276734182.7,-504476818.7,-512010865.6,1.081713794,-32.31365918,-18.4727694
-276640424.4,-507268173,-513606359.6,1.088602159,-32.30103375,-18.4599788
-276546074.5,-510058439.4,-515200752.9,1.095412356,-32.28847874,-18.44728981
-276451139.4,-512847624.1,-516794054.1,1.102145503,-32.27599372,-18.4347013
-276355625.9,-515635733.1,-518386272.1,1.108802698,-32.26357824,-18.42221218
-276259540.5,-518422772.4,-519977415.2,1.115385022,-32.25123185,-18.40982134
-276162889.5,-521208748,-521567492,1.121893536,-32.23895411,-18.39752773
-276065679.3,-523993665.7,-523156510.8,1.128329283,-32.22674457,-18.38533027
-275967916.3,-526777531.4,-524744479.8,1.134693291,-32.21460278,-18.37322793
-275869606.4,-529560351,-526331407.3,1.140986569,-32.20252831,-18.36121967
-275770755.8,-532342130.2,-527917301.3,1.147210108,-32.19052071,-18.34930447
-275671370.5,-535122874.9,-529502169.8,1.153364885,-32.17857955,-18.33748132
-275571456.3,-537902590.6,-531086020.7,1.159451858,-32.16670439,-18.32574925
-275471019.1,-540681283.3,-532668861.8,1.165471971,-32.15489479,-18.31410726
-275370064.6,-543458958.3,-534250701,1.171426153,-32.14315031,-18.30255439
-275268598.5,-546235621.5,-535831545.8,1.177315315,-32.13147053,-18.29108969
-275166626.4,-549011278.3,-537411403.8,1.183140354,-32.119855,-18.27971222
-275064153.7,-551785934.3,-538990282.5,1.188902155,-32.10830331,-18.26842105
-274961185.9,-554559594.9,-540568189.4,1.194601583,-32.09681502,-18.25721526
-274857728.3,-557332265.7,-542145131.8,1.200239494,-32.08538971,-18.24609395
-274753786.3,-560103952.1,-543721116.8,1.205816728,-32.07402695,-18.23505622
-274649364.9,-562874659.4,-545296151.8,1.21133411,-32.06272632,-18.2241012
-274544469.4,-565644393,-546870243.9,1.216792453,-32.0514874,-18.21322801
-274439104.9,-568413158.2,-548443400,1.222192557,-32.04030977,-18.20243581
-274333276.2,-571180960.2,-550015627.1,1.227535208,-32.02919302,-18.19172373
-274226988.4,-573947804.5,-551586932.1,1.23282118,-32.01813673,-18.18109094
-274120246.3,-576713696,-553157321.9,1.238051235,-32.00714049,-18.17053663
-274013054.7,-579478640,-554726803.1,1.243226122,-31.9962039,-18.16005997
-273905418.4,-582242641.7,-556295382.4,1.248346578,-31.98532653,-18.14966015
-273797342,-585005706.2,-557863066.6,1.253413327,-31.97450799,-18.13933639
-273688830.1,-587767838.4,-559429861.9,1.258427085,-31.96374788,-18.1290879
-273579887.3,-590529043.5,-560995775.1,1.263388553,-31.95304579,-18.11891391
-273470518.1,-593289326.4,-562560812.4,1.268298422,-31.94240133,-18.10881365
-273360726.8,-596048692.1,-564124980.2,1.273157373,-31.9318141,-18.09878637
-273250517.9,-598807145.5,-565688284.8,1.277966074,-31.9212837,-18.08883133
-273139895.7,-601564691.5,-567250732.3,1.282725186,-31.91080975,-18.07894778
-273028864.4,-604321335,-568812329,1.287435356,-31.90039186,-18.069135
-272917428.3,-607077080.8,-570373080.9,1.292097223,-31.89002963,-18.05939229
-272805591.4,-609831933.7,-571932994,1.296711415,-31.87972269,-18.04971891
-272693357.9,-612585898.5,-573492074.3,1.30127855,-31.86947065,-18.04011419
-272580731.8,-615338979.8,-575050327.6,1.305799238,-31.85927314,-18.03057743
-272467717.1,-618091182.5,-576607760,1.310274077,-31.84912977,-18.02110794
-272354317.7,-620842511,-578164377,1.314703659,-31.83904018,-18.01170506
-272240537.6,-623592970.1,-579720184.5,1.319088563,-31.82900398,-18.00236812
-272126380.5,-626342564.4,-581275188.1,1.323429361,-31.81902082,-17.99309646
-272011850.2,-629091298.5,-582829393.4,1.327726618,-31.80909032,-17.98388944
-271896950.6,-631839176.7,-584382806,1.331980886,-31.79921212,-17.97474642
-271781685.2,-634586203.8,-585935431.4,1.336192713,-31.78938585,-17.96566675
-271666057.7,-637332384.1,-587487275.1,1.340362636,-31.77961117,-17.95664983
-271550071.7,-640077722.1,-589038342.3,1.344491184,-31.7698877,-17.94769503
-271433730.8,-642822222.2,-590588638.5,1.348578879,-31.76021509,-17.93880175
-271317038.4,-645565888.7,-592138169,1.352626233,-31.750593,-17.92996938
-271199998.1,-648308726.1,-593686939,1.356633754,-31.74102107,-17.92119732
-271082613.2,-651050738.6,-595234953.6,1.360601938,-31.73149896,-17.912485
-270964887.2,-653791930.5,-596782218.1,1.364531276,-31.72202631,-17.90383183
-270846823.3,-656532306.1,-598328737.5,1.368422252,-31.71260279,-17.89523725
-270728424.9,-659271869.7,-599874516.8,1.37227534,-31.70322806,-17.88670067
-270609695.2,-662010625.4,-601419561,1.376091011,-31.69390178,-17.87822155
-270490637.5,-664748577.3,-602963875.1,1.379869725,-31.68462361,-17.86979933
-270371254.8,-667485729.7,-604507463.9,1.383611938,-31.67539322,-17.86143348
-270251550.4,-670222086.6,-606050332.4,1.387318098,-31.66621028,-17.85312344
-270131527.3,-672957652.2,-607592485.3,1.390988645,-31.65707446,-17.84486869
-270011188.5,-675692430.4,-609133927.3,1.394624016,-31.64798544,-17.8366687
-269890537.2,-678426425.4,-610674663.2,1.398224638,-31.63894289,-17.82852295
-269769576.3,-681159641.1,-612214697.6,1.401790934,-31.62994649,-17.82043094
-269648308.7,-683892081.5,-613754035.2,1.405323319,-31.62099592,-17.81239214
-269526737.4,-686623750.5,-615292680.5,1.408822204,-31.61209088,-17.80440606
-269404865.2,-689354652.1,-616830638.1,1.412287993,-31.60323103,-17.79647222
-269282695,-692084790.1,-618367912.4,1.415721083,-31.59441608,-17.7885901
-269160229.5,-694814168.5,-619904507.9,1.419121867,-31.58564571,-17.78075924
-269037471.7,-697542791,-621440429,1.422490731,-31.57691961,-17.77297916
-268914424.1,-700270661.4,-622975680.1,1.425828057,-31.56823749,-17.76524938
-268791089.5,-702997783.7,-624510265.6,1.429134219,-31.55959903,-17.75756944
-268667470.5,-705724161.4,-626044189.6,1.432409588,-31.55100395,-17.74993887
-268543570,-708449798.4,-627577456.4,1.435654528,-31.54245193,-17.74235722
-268419390.3,-711174698.3,-629110070.3,1.438869399,-31.53394269,-17.73482405
-268294934.2,-713898864.9,-630642035.4,1.442054556,-31.52547594,-17.72733889
-268170204.1,-716622301.8,-632173355.8,1.445210347,-31.51705137,-17.71990133
-268045202.7,-719345012.6,-633704035.7,1.448337117,-31.50866871,-17.71251091
-267919932.3,-722067000.9,-635234079.1,1.451435205,-31.50032766,-17.70516721
-267794395.5,-724788270.4,-636763489.9,1.454504946,-31.49202795,-17.69786982
-267668594.7,-727508824.5,-638292272.3,1.45754667,-31.48376928,-17.69061829
-267542532.2,-730228666.9,-639820430.1,1.460560702,-31.47555139,-17.68341223
-267416210.6,-732947801,-641347967.2,1.463547362,-31.46737399,-17.67625122
-267289632,-735666230.3,-642874887.6,1.466506968,-31.4592368,-17.66913485
-267162798.9,-738383958.3,-644401195,1.46943983,-31.45113956,-17.66206273
-267035713.6,-741100988.3,-645926893.3,1.472346256,-31.44308199,-17.65503446
-266908378.2,-743817324,-647451986.2,1.475226549,-31.43506382,-17.64804965
-266780795.2,-746532968.5,-648976477.5,1.478081008,-31.42708479,-17.6411079
-266652966.6,-749247925.3,-650500370.9,1.480909928,-31.41914463,-17.63420884
-266524894.7,-751962197.8,-652023670,1.483713598,-31.41124308,-17.62735209
-266396581.6,-754675789.2,-653546378.5,1.486492307,-31.40337987,-17.62053728
-266268029.5,-757388702.9,-655068500,1.489246337,-31.39555475,-17.61376403
-266139240.5,-760100942.2,-656590038.1,1.491975966,-31.38776747,-17.60703197
-266010216.7,-762812510.2,-658110996.3,1.494681469,-31.38001775,-17.60034076
-265880960.3,-765523410.3,-659631378.2,1.497363118,-31.37230536,-17.59369002
-265751473.1,-768233645.7,-661151187.1,1.50002118,-31.36463005,-17.5870794
-265621757.3,-770943219.5,-662670426.6,1.502655919,-31.35699155,-17.58050857
-265491814.8,-773652134.9,-664189100.1,1.505267596,-31.34938964,-17.57397716
-265361647.7,-776360395,-665707211,1.507856467,-31.34182405,-17.56748483
-265231257.9,-779068003.1,-667224762.6,1.510422785,-31.33429456,-17.56103126
-265100647.3,-781774962.2,-668741758.3,1.5129668,-31.32680091,-17.5546161
-264969817.8,-784481275.3,-670258201.4,1.51548876,-31.31934286,-17.54823903
-264838771.4,-787186945.6,-671774095.1,1.517988906,-31.31192019,-17.54189971
-264707510,-789891976.2,-673289442.7,1.520467479,-31.30453266,-17.53559783
-264576035.3,-792596369.9,-674804247.5,1.522924716,-31.29718002,-17.52933306
-264444349.2,-795300129.9,-676318512.6,1.525360851,-31.28986205,-17.52310509
-264312453.5,-798003259,-677832241.1,1.527776113,-31.28257853,-17.5169136
-264180350.1,-800705760.4,-679345436.3,1.530170731,-31.27532921,-17.51075828
-264048040.6,-803407636.9,-680858101.2,1.532544928,-31.26811388,-17.50463884
-263915526.9,-806108891.5,-682370238.9,1.534898926,-31.26093232,-17.49855495
-263782810.6,-808809527,-683881852.5,1.537232944,-31.25378428,-17.49250634
-263649893.6,-811509546.3,-685392945,1.539547197,-31.24666957,-17.48649269
-263516777.4,-814208952.4,-686903519.4,1.541841899,-31.23958795,-17.48051372
-263383463.9,-816907748.1,-688413578.7,1.544117259,-31.23253921,-17.47456913
-263249954.5,-819605936.2,-689923125.9,1.546373484,-31.22552314,-17.46865864
-263116251.1,-822303519.4,-691432163.9,1.548610779,-31.21853951,-17.46278197
-262982355.1,-825000500.7,-692940695.6,1.550829346,-31.21158813,-17.45693884
-262848268.3,-827696882.8,-694448723.9,1.553029385,-31.20466877,-17.45112895
-262713992.2,-830392668.4,-695956251.7,1.555211091,-31.19778122,-17.44535205
-262579528.4,-833087860.3,-697463281.7,1.55737466,-31.19092529,-17.43960786
-262444878.4,-835782461.2,-698969816.8,1.559520283,-31.18410076,-17.43389611
-262310043.8,-838476473.8,-700475859.9,1.561648149,-31.17730743,-17.42821654
-262175026.1,-841169900.8,-701981413.6,1.563758445,-31.17054509,-17.42256887
-262039826.8,-843862744.9,-703486480.7,1.565851356,-31.16381356,-17.41695286
-261904447.4,-846555008.7,-704991063.9,1.567927063,-31.15711262,-17.41136824
-261768889.5,-849246694.8,-706495166,1.569985746,-31.15044208,-17.40581475
-261633154.4,-851937805.9,-707998789.6,1.572027583,-31.14380174,-17.40029215
-261497243.6,-854628344.6,-709501937.4,1.574052749,-31.1371914,-17.39480019
-261361158.6,-857318313.5,-711004612,1.576061416,-31.13061089,-17.38933861
-261224900.7,-860007715,-712506816,1.578053757,-31.12405999,-17.38390717
-261088471.3,-862696551.9,-714008552,1.580029938,-31.11753853,-17.37850564
-260951872,-865384826.5,-715509822.6,1.581990128,-31.11104631,-17.37313377
-260815103.9,-868072541.5,-717010630.3,1.583934489,-31.10458315,-17.36779132
-260678168.5,-870759699.3,-718510977.8,1.585863186,-31.09814886,-17.36247805
-260541067.2,-873446302.5,-720010867.4,1.587776377,-31.09174326,-17.35719375
-260403801.2,-876132353.4,-721510301.7,1.589674222,-31.08536616,-17.35193817
-260266371.9,-878817854.5,-723009283.1,1.591556877,-31.07901738,-17.34671109
-260128780.6,-881502808.4,-724507814.2,1.593424496,-31.07269675,-17.34151229
-259991028.6,-884187217.4,-726005897.3,1.595277232,-31.06640408,-17.33634154
-259853117.1,-886871083.8,-727503534.8,1.597115235,-31.06013919,-17.33119861
-259715047.5,-889554410.2,-729000729.2,1.598938654,-31.05390192,-17.3260833
-259576820.9,-892237198.9,-730497482.8,1.600747637,-31.04769208,-17.32099539
-259438438.7,-894919452.2,-731993798,1.602542327,-31.04150951,-17.31593465
-259299902,-897601172.5,-733489677.1,1.60432287,-31.03535402,-17.31090089
-259161212.1,-900282362.1,-734985122.4,1.606089406,-31.02922546,-17.30589388
-259022370.2,-902963023.4,-736480136.3,1.607842075,-31.02312365,-17.30091343
-258883377.4,-905643158.7,-737974721,1.609581016,-31.01704843,-17.29595932
-258744235,-908322770.1,-739468878.8,1.611306364,-31.01099962,-17.29103136
-258604944.1,-911001860.2,-740962612,1.613018256,-31.00497706,-17.28612934
-258465505.8,-913680430.9,-742455922.7,1.614716823,-30.9989806,-17.28125306
-258325921.4,-916358484.7,-743948813.2,1.616402199,-30.99301006,-17.27640233
-258186191.9,-919036023.8,-745441285.8,1.618074512,-30.98706528,-17.27157694
-258046318.5,-921713050.4,-746933342.4,1.619733891,-30.98114611,-17.26677671
-257906302.2,-924389566.6,-748424985.5,1.621380464,-30.97525239,-17.26200144
-257766144.3,-927065574.7,-749916217,1.623014355,-30.96938395,-17.25725095
-257625845.7,-929741076.9,-751407039.2,1.624635689,-30.96354065,-17.25252505
-257485407.6,-932416075.2,-752897454,1.626244588,-30.95772232,-17.24782354
-257344831,-935090572,-754387463.8,1.627841173,-30.95192882,-17.24314625
-257204117,-937764569.3,-755877070.4,1.629425564,-30.94615998,-17.238493
-257063266.6,-940438069.1,-757366276,1.630997878,-30.94041567,-17.23386359
-256922280.9,-943111073.8,-758855082.7,1.632558233,-30.93469572,-17.22925787
-256781160.9,-945783585.3,-760343492.5,1.634106744,-30.92899999,-17.22467563
-256639907.6,-948455605.7,-761831507.3,1.635643525,-30.92332833,-17.22011672
-256498522,-951127137.1,-763319129.3,1.637168688,-30.91768059,-17.21558096
-256357005.2,-953798181.6,-764806360.4,1.638682346,-30.91205663,-17.21106817
-256215358.1,-956468741.2,-766293202.6,1.640184607,-30.9064563,-17.20657819
-256073581.6,-959138817.9,-767779657.8,1.641675582,-30.90087947,-17.20211084
-255931676.8,-961808413.8,-769265728,1.643155376,-30.89532598,-17.19766596
-255789644.7,-964477530.9,-770751415.1,1.644624098,-30.88979569,-17.19324339
-255647486.1,-967146171.2,-772236721,1.646081851,-30.88428847,-17.18884295
-255505202,-969814336.6,-773721647.8,1.647528739,-30.87880417,-17.1844645
-255362793.4,-972482029.2,-775206197.1,1.648964866,-30.87334266,-17.18010785
-255220261.2,-975149250.9,-776690371,1.650390332,-30.8679038,-17.17577287
-255077606.3,-977816003.6,-778174171.3,1.651805238,-30.86248745,-17.17145939
-254934829.6,-980482289.3,-779657599.8,1.653209683,-30.85709348,-17.16716724
-254791932,-983148110,-781140658.4,1.654603765,-30.85172175,-17.16289629
-254648914.3,-985813467.5,-782623348.9,1.655987581,-30.84637214,-17.15864637
-254505777.6,-988478363.7,-784105673.1,1.657361227,-30.8410445,-17.15441733
-254362522.6,-991142800.6,-785587632.8,1.658724796,-30.83573871,-17.15020903
-254219150.2,-993806780,-787069229.8,1.660078384,-30.83045464,-17.14602131
-254075661.4,-996470303.8,-788550465.9,1.661422082,-30.82519216,-17.14185402
-253932056.8,-999133373.8,-790031342.8,1.662755982,-30.81995113,-17.13770702
-253788337.4,-1001795992,-791511862.2,1.664080174,-30.81473144,-17.13358017
-253644504,-1004458160,-792992026,1.665394749,-30.80953296,-17.12947332
-253500557.5,-1007119880,-794471835.8,1.666699793,-30.80435556,-17.12538632
-253356498.6,-1009781153,-795951293.3,1.667995395,-30.79919911,-17.12131904
-253212328.1,-1012441982,-797430400.3,1.669281642,-30.7940635,-17.11727134
-253068047,-1015102368,-798909158.4,1.670558618,-30.7889486,-17.11324308
-252923655.9,-1017762313,-800387569.3,1.671826409,-30.78385428,-17.10923412
-252779155.6,-1020421819,-801865634.6,1.673085097,-30.77878044,-17.10524433
-252634547,-1023080887,-803343356,1.674334766,-30.77372695,-17.10127356
-252489830.8,-1025739519,-804820735.2,1.675575498,-30.76869368,-17.0973217
-252345007.8,-1028397718,-806297773.8,1.676807372,-30.76368053,-17.0933886
-252200078.8,-1031055484,-807774473.3,1.67803047,-30.75868737,-17.08947413
-252055044.4,-1033712819,-809250835.4,1.67924487,-30.75371409,-17.08557818
-251909905.5,-1036369726,-810726861.7,1.680450651,-30.74876057,-17.08170059
-251764662.8,-1039026206,-812202553.8,1.681647889,-30.7438267,-17.07784126
-251619317,-1041682260,-813677913.2,1.682836662,-30.73891237,-17.07400005
-251473868.9,-1044337890,-815152941.5,1.684017045,-30.73401745,-17.07017683
-251328319.1,-1046993099,-816627640.3,1.685189113,-30.72914185,-17.06637149
-251182668.4,-1049647887,-818102011,1.68635294,-30.72428544,-17.0625839
-251036917.5,-1052302256,-819576055.3,1.687508599,-30.71944813,-17.05881394
-250891067.2,-1054956208,-821049774.6,1.688656163,-30.71462979,-17.05506149
-250745118,-1057609744,-822523170.4,1.689795703,-30.70983032,-17.05132643
-250599070.7,-1060262867,-823996244.3,1.69092729,-30.70504961,-17.04760863
-250452926,-1062915578,-825468997.7,1.692050995,-30.70028756,-17.04390799
-250306684.5,-1065567877,-826941432.1,1.693166886,-30.69554405,-17.04022439
-250160347,-1068219768,-828413549,1.694275033,-30.69081899,-17.0365577
-250013914,-1070871251,-829885349.7,1.695375503,-30.68611226,-17.03290782
-249867386.3,-1073522329,-831356835.9,1.696468363,-30.68142377,-17.02927463
-249720764.5,-1076173002,-832828008.9,1.69755368,-30.6767534,-17.02565803
-249574049.2,-1078823272,-834298870.1,1.69863152,-30.67210107,-17.02205789
-249427241.2,-1081473142,-835769421,1.699701947,-30.66746666,-17.01847411
-249280340.9,-1084122611,-837239662.9,1.700765026,-30.66285007,-17.01490658
-249133349.2,-1086771683,-838709597.3,1.701820821,-30.65825121,-17.01135519
-248986266.5,-1089420357,-840179225.5,1.702869394,-30.65366997,-17.00781983
-248839093.6,-1092068637,-841648549,1.703910808,-30.64910625,-17.0043004
-248691830.9,-1094716523,-843117569.1,1.704945125,-30.64455996,-17.00079678
-248544479.2,-1097364018,-844586287.1,1.705972406,-30.64003101,-16.99730889
-248397039.1,-1100011121,-846054704.5,1.706992711,-30.63551928,-16.9938366
-248249511.1,-1102657836,-847522822.6,1.708006099,-30.63102469,-16.99037983
-248101895.8,-1105304163,-848990642.6,1.70901263,-30.62654714,-16.98693846
-247954193.9,-1107950104,-850458166,1.710012363,-30.62208654,-16.98351239
-247806405.9,-1110595660,-851925394,1.711005355,-30.61764279,-16.98010153
-247658532.4,-1113240833,-853392327.9,1.711991664,-30.6132158,-16.97670578
-247510573.9,-1115885624,-854858969.2,1.712971346,-30.60880547,-16.97332503
-247362531.1,-1118530035,-856325318.9,1.713944458,-30.60441172,-16.96995919
-247214404.5,-1121174067,-857791378.5,1.714911054,-30.60003445,-16.96660816
-247066194.7,-1123817721,-859257149.2,1.715871191,-30.59567357,-16.96327185
-246917902.2,-1126461000,-860722632.3,1.716824922,-30.59132899,-16.95995016
-246769527.5,-1129103903,-862187829.1,1.717772301,-30.58700062,-16.95664299
-246621071.3,-1131746434,-863652740.7,1.718713382,-30.58268838,-16.95335026
-246472534,-1134388592,-865117368.4,1.719648217,-30.57839217,-16.95007186
-246323916.3,-1137030381,-866581713.5,1.720576858,-30.57411191,-16.94680772
-246175218.5,-1139671799,-868045777.2,1.721499358,-30.5698475,-16.94355772
-246026441.3,-1142312851,-869509560.7,1.722415767,-30.56559887,-16.9403218
-245877585.3,-1144953535,-870973065.2,1.723326136,-30.56136593,-16.93709985
-245728650.8,-1147593855,-872436291.9,1.724230515,-30.55714859,-16.93389178
-245579638.4,-1150233811,-873899242.1,1.725128954,-30.55294677,-16.93069751
-245430548.6,-1152873405,-875361916.8,1.726021501,-30.54876038,-16.92751695
-245281382,-1155512637,-876824317.4,1.726908206,-30.54458935,-16.92435002
-245132139.1,-1158151510,-878286444.9,1.727789116,-30.54043358,-16.92119662
-244982820.2,-1160790025,-879748300.6,1.728664279,-30.53629299,-16.91805667
-244833426.1,-1163428182,-881209885.5,1.729533743,-30.53216751,-16.91493009
-244683957,-1166065984,-882671200.9,1.730397554,-30.52805706,-16.91181679
-244534413.5,-1168703431,-884132247.8,1.731255758,-30.52396154,-16.9087167
-244384796.1,-1171340525,-885593027.5,1.732108401,-30.51988088,-16.90562971
-244235105.3,-1173977267,-887053541,1.732955529,-30.51581501,-16.90255577
-244085341.6,-1176613658,-888513789.5,1.733797185,-30.51176384,-16.89949477
-243935505.3,-1179249700,-889973774.1,1.734633415,-30.5077273,-16.89644665
-243785597.1,-1181885394,-891433495.8,1.735464263,-30.50370531,-16.89341132
-243635617.3,-1184520741,-892892955.9,1.736289772,-30.49969778,-16.8903887
-243485566.4,-1187155742,-894352155.4,1.737109985,-30.49570465,-16.88737872
-243335444.8,-1189790399,-895811095.3,1.737924944,-30.49172583,-16.8843813
-243185253.1,-1192424712,-897269776.8,1.738734693,-30.48776126,-16.88139635
-243034991.6,-1195058684,-898728201,1.739539273,-30.48381085,-16.8784238
-242884660.8,-1197692315,-900186368.8,1.740338726,-30.47987454,-16.87546358
-242734261.2,-1200325607,-901644281.4,1.741133092,-30.47595224,-16.87251562
-242583793.2,-1202958560,-903101939.9,1.741922412,-30.47204388,-16.86957982
-242433257.2,-1205591177,-904559345.2,1.742706726,-30.4681494,-16.86665613
-242282653.6,-1208223457,-906016498.4,1.743486075,-30.46426872,-16.86374446
-242131982.9,-1210855403,-907473400.6,1.744260497,-30.46040176,-16.86084475
-241981245.5,-1213487015,-908930052.7,1.745030032,-30.45654845,-16.85795692
-241830441.9,-1216118295,-910386455.9,1.745794719,-30.45270873,-16.8550809
-241679572.4,-1218749243,-911842611,1.746554595,-30.44888252,-16.85221662
-241528637.4,-1221379862,-913298519.2,1.747309699,-30.44506975,-16.849364
-241377637.4,-1224010152,-914754181.5,1.748060069,-30.44127035,-16.84652298
-241226572.7,-1226640114,-916209598.7,1.74880574,-30.43748426,-16.84369349
-241075443.9,-1229269749,-917664772,1.749546752,-30.4337114,-16.84087545
-240924251.2,-1231899059,-919119702.3,1.750283139,-30.42995171,-16.83806881
-240772995.1,-1234528045,-920574390.6,1.751014938,-30.42620511,-16.83527348
-240621675.9,-1237156708,-922028837.9,1.751742186,-30.42247155,-16.83248941
-240470294.2,-1239785049,-923483045.1,1.752464917,-30.41875095,-16.82971652
-240318850.1,-1242413069,-924937013.2,1.753183166,-30.41504324,-16.82695475
-240167344.2,-1245040769,-926390743.2,1.753896969,-30.41134837,-16.82420404
-240015776.9,-1247668150,-927844236,1.75460636,-30.40766626,-16.82146431
-239864148.4,-1250295214,-929297492.6,1.755311372,-30.40399685,-16.81873551
-239712459.2,-1252921961,-930750513.8,1.756012041,-30.40034008,-16.81601757
-239560709.6,-1255548393,-932203300.7,1.756708399,-30.39669588,-16.81331042
-239408900.1,-1258174510,-933655854.2,1.75740048,-30.39306418,-16.810614
-239257030.9,-1260800315,-935108175.1,1.758088316,-30.38944493,-16.80792825
-239105102.6,-1263425807,-936560264.5,1.75877194,-30.38583806,-16.8052531
-238953115.3,-1266050988,-938012123.2,1.759451385,-30.38224351,-16.8025885
-238801069.5,-1268675859,-939463752.1,1.760126682,-30.37866121,-16.79993438
-238648965.5,-1271300421,-940915152.1,1.760797863,-30.3750911,-16.79729068
-238496803.7,-1273924675,-942366324.2,1.761464959,-30.37153313,-16.79465734
-238344584.5,-1276548622,-943817269.2,1.762128002,-30.36798723,-16.7920343
-238192308.1,-1279172264,-945267988,1.762787022,-30.36445334,-16.7894215
-238039975,-1281795600,-946718481.5,1.76344205,-30.3609314,-16.78681888
-237887585.4,-1284418633,-948168750.6,1.764093116,-30.35742135,-16.78422638
-237735139.8,-1287041363,-949618796.1,1.764740251,-30.35392313,-16.78164395
-237582638.4,-1289663791,-951068619,1.765383482,-30.35043668,-16.77907152
-237430081.7,-1292285919,-952518220,1.766022841,-30.34696195,-16.77650904
-237277469.8,-1294907746,-953967600,1.766658357,-30.34349887,-16.77395646
-237124803.2,-1297529276,-955416760,1.767290057,-30.34004738,-16.7714137
-236972082.2,-1300150507,-956865700.6,1.767917971,-30.33660744,-16.76888073
-236819307.1,-1302771442,-958314422.8,1.768542127,-30.33317898,-16.76635748
-236666478.2,-1305392081,-959762927.5,1.769162553,-30.32976194,-16.76384389
-236513595.9,-1308012425,-961211215.3,1.769779277,-30.32635628,-16.76133992
-236360660.5,-1310632475,-962659287.3,1.770392327,-30.32296192,-16.7588455
-236207672.2,-1313252233,-964107144.1,1.77100173,-30.31957882,-16.75636059
-236054631.5,-1315871699,-965554786.6,1.771607513,-30.31620693,-16.75388513
-235901538.5,-1318490874,-967002215.7,1.772209702,-30.31284618,-16.75141907
-235748393.7,-1321109759,-968449432.1,1.772808325,-30.30949652,-16.74896235
-235595197.4,-1323728355,-969896436.7,1.773403408,-30.30615791,-16.74651492
-235441949.7,-1326346663,-971343230.2,1.773994976,-30.30283027,-16.74407673
-235288651.1,-1328964685,-972789813.4,1.774583056,-30.29951357,-16.74164773
-235135301.9,-1331582420,-974236187.2,1.775167674,-30.29620774,-16.73922786
-234981902.3,-1334199870,-975682352.2,1.775748855,-30.29291274,-16.73681708
-234828452.6,-1336817035,-977128309.4,1.776326623,-30.2896285,-16.73441534
-234674953.1,-1339433918,-978574059.5,1.776901005,-30.28635499,-16.73202257
-234521404.2,-1342050518,-980019603.2,1.777472024,-30.28309215,-16.72963875
-234367806.1,-1344666836,-981464941.3,1.778039705,-30.27983992,-16.7272638
-234214159,-1347282874,-982910074.6,1.778604073,-30.27659825,-16.72489769
-234060463.4,-1349898633,-984355003.9,1.779165152,-30.2733671,-16.72254037
-233906719.4,-1352514112,-985799729.8,1.779722965,-30.27014641,-16.72019179
-233752927.3,-1355129314,-987244253.3,1.780277536,-30.26693614,-16.7178519
-233599087.5,-1357744239,-988688574.9,1.780828889,-30.26373622,-16.71552065
-233445200.2,-1360358888,-990132695.5,1.781377047,-30.26054662,-16.71319799
-233291265.6,-1362973262,-991576615.8,1.781922033,-30.25736728,-16.71088389
-233137284.2,-1365587362,-993020336.5,1.78246387,-30.25419816,-16.70857828
-232983256,-1368201188,-994463858.3,1.78300258,-30.2510392,-16.70628113
-232829181.4,-1370814742,-995907182.1,1.783538186,-30.24789036,-16.70399239
-232675060.7,-1373428024,-997350308.5,1.78407071,-30.24475159,-16.70171201
-232520894.1,-1376041035,-998793238.2,1.784600174,-30.24162284,-16.69943995
-232366681.8,-1378653776,-1000235972,1.7851266,-30.23850407,-16.69717616
-232212424.3,-1381266249,-1001678510,1.78565001,-30.23539522,-16.6949206
-232058121.6,-1383878453,-1003120854,1.786170425,-30.23229625,-16.69267322
-231903774.1,-1386490390,-1004563005,1.786687867,-30.22920711,-16.69043398
-231749382,-1389102060,-1006004962,1.787202356,-30.22612776,-16.68820284
-231594945.6,-1391713465,-1007446726,1.787713914,-30.22305815,-16.68597975
-231440465.2,-1394324605,-1008888299,1.788222561,-30.21999824,-16.68376467
-231285940.9,-1396935481,-1010329681,1.788728318,-30.21694797,-16.68155756
-231131373,-1399546094,-1011770873,1.789231206,-30.21390731,-16.67935837
-230976761.8,-1402156444,-1013211874,1.789731243,-30.2108762,-16.67716706
-230822107.5,-1404766533,-1014652687,1.790228452,-30.20785461,-16.67498358
-230667410.4,-1407376362,-1016093312,1.79072285,-30.20484249,-16.67280791
-230512670.7,-1409985931,-1017533749,1.791214459,-30.2018398,-16.67063999
-230357888.6,-1412595240,-1018973999,1.791703297,-30.19884649,-16.66847979
-230203064.4,-1415204291,-1020414062,1.792189385,-30.19586251,-16.66632726
-230048198.4,-1417813085,-1021853940,1.79267274,-30.19288783,-16.66418237
-229893290.7,-1420421623,-1023293633,1.793153383,-30.18992241,-16.66204507
-229738341.5,-1423029904,-1024733142,1.793631332,-30.18696619,-16.65991532
-229583351.2,-1425637931,-1026172467,1.794106606,-30.18401914,-16.65779309
-229428320,-1428245703,-1027611609,1.794579224,-30.18108121,-16.65567833
-229273248,-1430853222,-1029050568,1.795049203,-30.17815236,-16.653571
-229118135.6,-1433460488,-1030489346,1.795516562,-30.17523255,-16.65147107
-228962982.8,-1436067502,-1031927943,1.79598132,-30.17232175,-16.6493785
-228807790.1,-1438674265,-1033366359,1.796443493,-30.1694199,-16.64729325
-228652557.5,-1441280778,-1034804595,1.796903101,-30.16652696,-16.64521528
-228497285.3,-1443887042,-1036242652,1.79736016,-30.16364291,-16.64314456
-228341973.7,-1446493056,-1037680531,1.797814688,-30.16076768,-16.64108104
-228186623,-1449098822,-1039118231,1.798266702,-30.15790125,-16.63902469
-228031233.3,-1451704342,-1040555754,1.79871622,-30.15504358,-16.63697547
-227875804.9,-1454309614,-1041993101,1.799163259,-30.15219462,-16.63493334
-227720338,-1456914641,-1043430271,1.799607836,-30.14935434,-16.63289827
-227564832.7,-1459519423,-1044867266,1.800049967,-30.14652269,-16.63087023
-227409289.4,-1462123960,-1046304086,1.800489668,-30.14369964,-16.62884917
-227253708.2,-1464728254,-1047740731,1.800926958,-30.14088515,-16.62683506
-227098089.3,-1467332306,-1049177203,1.801361851,-30.13807918,-16.62482787
-226942432.9,-1469936115,-1050613502,1.801794365,-30.13528168,-16.62282755
-226786739.3,-1472539683,-1052049628,1.802224514,-30.13249263,-16.62083408
-226631008.6,-1475143010,-1053485582,1.802652316,-30.12971199,-16.61884742
-226475241,-1477746097,-1054921365,1.803077786,-30.12693971,-16.61686753
-226319436.8,-1480348945,-1056356977,1.80350094,-30.12417576,-16.61489438
-226163596.1,-1482951555,-1057792419,1.803921793,-30.12142011,-16.61292794
-226007719.2,-1485553927,-1059227691,1.804340361,-30.11867271,-16.61096817
-225851806.2,-1488156062,-1060662794,1.804756658,-30.11593352,-16.60901504
-225695857.3,-1490757960,-1062097729,1.805170702,-30.11320252,-16.60706852
-225539872.8,-1493359623,-1063532496,1.805582505,-30.11047967,-16.60512856
-225383852.7,-1495961052,-1064967095,1.805992084,-30.10776492,-16.60319515
-225227797.4,-1498562245,-1066401528,1.806399453,-30.10505825,-16.60126824
-225071707,-1501163206,-1067835795,1.806804627,-30.10235961,-16.5993478
-224915581.6,-1503763933,-1069269896,1.807207621,-30.09966898,-16.59743381
-224759421.5,-1506364429,-1070703831,1.807608448,-30.09698631,-16.59552622
-224603226.9,-1508964693,-1072137603,1.808007124,-30.09431157,-16.59362501
-224446998,-1511564726,-1073571210,1.808403662,-30.09164473,-16.59173015
-224290734.8,-1514164529,-1075004654,1.808798077,-30.08898575,-16.5898416
-224134437.7,-1516764103,-1076437935,1.809190382,-30.08633459,-16.58795933
-223978106.8,-1519363448,-1077871053,1.809580592,-30.08369123,-16.58608331
-223821742.3,-1521962565,-1079304010,1.809968721,-30.08105563,-16.58421352
-223665344.3,-1524561455,-1080736806,1.810354781,-30.07842775,-16.58234991
-223508913,-1527160118,-1082169440,1.810738788,-30.07580756,-16.58049246
-223352448.7,-1529758555,-1083601915,1.811120753,-30.07319503,-16.57864114
-223195951.4,-1532356766,-1085034230,1.811500691,-30.07059013,-16.57679592
-223039421.4,-1534954753,-1086466385,1.811878614,-30.06799281,-16.57495677
-222882858.8,-1537552515,-1087898382,1.812254537,-30.06540305,-16.57312365
-222726263.9,-1540150055,-1089330221,1.812628471,-30.06282082,-16.57129655
-222569636.7,-1542747371,-1090761903,1.81300043,-30.06024607,-16.56947542
-222412977.5,-1545344465,-1092193427,1.813370426,-30.05767879,-16.56766025
-222256286.3,-1547941338,-1093624795,1.813738474,-30.05511893,-16.565851
-222099563.5,-1550537990,-1095056006,1.814104584,-30.05256647,-16.56404764
-221942809.1,-1553134422,-1096487062,1.814468769,-30.05002137,-16.56225014
-221786023.4,-1555730634,-1097917963,1.814831043,-30.04748361,-16.56045848
-221629206.4,-1558326627,-1099348710,1.815191417,-30.04495314,-16.55867263
-221472358.3,-1560922402,-1100779302,1.815549903,-30.04242995,-16.55689256
-221315479.4,-1563517959,-1102209741,1.815906515,-30.03991399,-16.55511824
-221158569.7,-1566113299,-1103640027,1.816261263,-30.03740523,-16.55334965
-221001629.5,-1568708423,-1105070160,1.81661416,-30.03490366,-16.55158675
-220844658.9,-1571303331,-1106500141,1.816965217,-30.03240922,-16.54982952
-220687658,-1573898024,-1107929970,1.817314447,-30.02992191,-16.54807793
-220530627,-1576492502,-1109359649,1.817661861,-30.02744167,-16.54633196
-220373566.1,-1579086766,-1110789177,1.81800747,-30.02496849,-16.54459157
-220216475.3,-1581680816,-1112218554,1.818351287,-30.02250234,-16.54285675
-220059355,-1584274654,-1113647783,1.818693322,-30.02004318,-16.54112746
-219902205.2,-1586868280,-1115076861,1.819033587,-30.01759098,-16.53940369
-219745026.1,-1589461694,-1116505792,1.819372093,-30.01514572,-16.53768539
-219587817.7,-1592054898,-1117934574,1.819708851,-30.01270737,-16.53597255
-219430580.4,-1594647890,-1119363208,1.820043873,-30.01027589,-16.53426514
-219273314.2,-1597240673,-1120791695,1.820377169,-30.00785127,-16.53256314
-219116019.3,-1599833247,-1122220035,1.82070875,-30.00543346,-16.53086651
-218958695.8,-1602425612,-1123648229,1.821038627,-30.00302244,-16.52917524
-218801343.9,-1605017770,-1125076277,1.821366811,-30.00061818,-16.5274893
-218643963.7,-1607609720,-1126504179,1.821693312,-29.99822066,-16.52580867
-218486555.3,-1610201462,-1127931936,1.822018141,-29.99582984,-16.52413331
-218329119,-1612792999,-1129359549,1.822341309,-29.9934457,-16.52246321
-218171654.8,-1615384330,-1130787018,1.822662825,-29.99106821,-16.52079833
-218014162.9,-1617975456,-1132214344,1.822982701,-29.98869734,-16.51913867
-217856643.4,-1620566377,-1133641526,1.823300946,-29.98633306,-16.51748418
-217699096.5,-1623157094,-1135068565,1.82361757,-29.98397536,-16.51583485
-217541522.3,-1625747608,-1136495462,1.823932584,-29.98162419,-16.51419065
-217383921,-1628337919,-1137922217,1.824245998,-29.97927953,-16.51255156
-217226292.7,-1630928028,-1139348831,1.824557822,-29.97694136,-16.51091756
-217068637.5,-1633517935,-1140775304,1.824868064,-29.97460965,-16.50928862
-216910955.5,-1636107641,-1142201636,1.825176737,-29.97228437,-16.50766472
-216753247,-1638697146,-1143627829,1.825483848,-29.9699655,-16.50604583
-216595512,-1641286451,-1145053881,1.825789408,-29.96765301,-16.50443194
-216437750.6,-1643875556,-1146479795,1.826093426,-29.96534687,-16.50282301
-216279963.1,-1646464463,-1147905569,1.826395912,-29.96304705,-16.50121904
-216122149.4,-1649053171,-1149331205,1.826696875,-29.96075354,-16.49961998
-215964309.9,-1651641681,-1150756704,1.826996324,-29.9584663,-16.49802583
-215806444.5,-1654229994,-1152182064,1.827294269,-29.95618531,-16.49643655
-215648553.5,-1656818110,-1153607288,1.827590719,-29.95391055,-16.49485214
-215490636.9,-1659406030,-1155032375,1.827885684,-29.95164198,-16.49327255
-215332694.9,-1661993754,-1156457326,1.828179172,-29.94937959,-16.49169778
-215174727.6,-1664581283,-1157882140,1.828471191,-29.94712335,-16.4901278
-215016735.1,-1667168617,-1159306820,1.828761753,-29.94487322,-16.48856259
-214858717.6,-1669755757,-1160731364,1.829050864,-29.9426292,-16.48700212
-214700675.1,-1672342704,-1162155774,1.829338534,-29.94039125,-16.48544638
-214542607.9,-1674929457,-1163580049,1.829624772,-29.93815935,-16.48389534
-214384516,-1677516018,-1165004191,1.829909586,-29.93593348,-16.48234899
-214226399.6,-1680102387,-1166428199,1.830192985,-29.9337136,-16.4808073
-214068258.7,-1682688564,-1167852075,1.830474978,-29.9314997,-16.47927025
-213910093.5,-1685274550,-1169275817,1.830755573,-29.92929176,-16.47773782
-213751904.2,-1687860346,-1170699428,1.831034779,-29.92708974,-16.47620999
-213593690.8,-1690445951,-1172122907,1.831312603,-29.92489362,-16.47468674
-213435453.4,-1693031367,-1173546254,1.831589054,-29.92270339,-16.47316805
-213277192.2,-1695616595,-1174969470,1.831864141,-29.92051901,-16.47165389
-213118907.3,-1698201633,-1176392556,1.832137872,-29.91834047,-16.47014425
-212960598.8,-1700786484,-1177815511,1.832410254,-29.91616773,-16.46863911
-212802266.9,-1703371147,-1179238337,1.832681296,-29.91400079,-16.46713845
-212643911.6,-1705955624,-1180661033,1.832951006,-29.9118396,-16.46564224
-212485533,-1708539913,-1182083600,1.833219392,-29.90968416,-16.46415048
-212327131.3,-1711124017,-1183506038,1.833486461,-29.90753444,-16.46266313
-212168706.6,-1713707935,-1184928348,1.833752223,-29.90539041,-16.46118018
-212010258.9,-1716291669,-1186350530,1.834016683,-29.90325206,-16.45970161
-211851788.5,-1718875218,-1187772585,1.834279851,-29.90111935,-16.4582274
-211693295.4,-1721458582,-1189194512,1.834541733,-29.89899228,-16.45675752
-211534779.7,-1724041764,-1190616313,1.834802338,-29.89687081,-16.45529198
-211376241.6,-1726624762,-1192037987,1.835061672,-29.89475492,-16.45383073
-211217681.1,-1729207577,-1193459535,1.835319745,-29.8926446,-16.45237377
-211059098.4,-1731790211,-1194880957,1.835576562,-29.89053981,-16.45092107
-210900493.5,-1734372663,-1196302254,1.835832131,-29.88844054,-16.44947262
-210741866.6,-1736954934,-1197723426,1.83608646,-29.88634678,-16.4480284
-210583217.8,-1739537024,-1199144473,1.836339556,-29.88425848,-16.44658838
-210424547.2,-1742118934,-1200565397,1.836591427,-29.88217564,-16.44515256
-210265854.9,-1744700664,-1201986196,1.836842078,-29.88009823,-16.44372091
-210107140.9,-1747282215,-1203406872,1.837091519,-29.87802623,-16.44229341
-209948405.5,-1749863587,-1204827424,1.837339755,-29.87595962,-16.44087006
-209789648.6,-1752444781,-1206247854,1.837586793,-29.87389838,-16.43945082
-209630870.5,-1755025797,-1207668162,1.837832642,-29.87184249,-16.43803568
-209472071.2,-1757606635,-1209088347,1.838077307,-29.86979193,-16.43662462
-209313250.8,-1760187297,-1210508410,1.838320795,-29.86774667,-16.43521763
-209154409.4,-1762767782,-1211928353,1.838563114,-29.8657067,-16.43381469
-208995547.1,-1765348091,-1213348174,1.83880427,-29.863672,-16.43241578
-208836664,-1767928225,-1214767874,1.83904427,-29.86164253,-16.43102089
-208677760.3,-1770508183,-1216187454,1.839283121,-29.8596183,-16.42962999
-208518836,-1773087967,-1217606914,1.839520829,-29.85759927,-16.42824306
-208359891.1,-1775667576,-1219026255,1.839757401,-29.85558542,-16.42686011
-208200925.9,-1778247012,-1220445476,1.839992844,-29.85357674,-16.42548109
-208041940.4,-1780826275,-1221864578,1.840227163,-29.8515732,-16.42410601
-207882934.7,-1783405364,-1223283562,1.840460366,-29.84957479,-16.42273483
-207723908.9,-1785984281,-1224702427,1.840692459,-29.84758149,-16.42136755
-207564863.1,-1788563026,-1226121174,1.840923448,-29.84559327,-16.42000415
-207405797.3,-1791141600,-1227539804,1.84115334,-29.84361012,-16.41864462
-207246711.8,-1793720002,-1228958316,1.84138214,-29.84163201,-16.41728893
-207087606.5,-1796298234,-1230376711,1.841609856,-29.83965893,-16.41593706
-206928481.6,-1798876296,-1231794990,1.841836493,-29.83769087,-16.41458901
-206769337.2,-1801454187,-1233213152,1.842062058,-29.83572779,-16.41324476
-206610173.4,-1804031910,-1234631199,1.842286556,-29.83376968,-16.41190429
-206450990.1,-1806609463,-1236049129,1.842509994,-29.83181652,-16.41056759
-206291787.7,-1809186848,-1237466945,1.842732378,-29.8298683,-16.40923463
-206132566,-1811764064,-1238884645,1.842953714,-29.82792499,-16.40790541
-205973325.3,-1814341113,-1240302231,1.843174007,-29.82598658,-16.40657991
-205814065.6,-1816917995,-1241719702,1.843393264,-29.82405305,-16.40525811
-205654787,-1819494710,-1243137060,1.843611491,-29.82212437,-16.40394
-205495489.5,-1822071258,-1244554303,1.843828693,-29.82020054,-16.40262555
-205336173.4,-1824647640,-1245971434,1.844044876,-29.81828153,-16.40131477
-205176838.6,-1827223857,-1247388451,1.844260046,-29.81636732,-16.40000763
-205017485.3,-1829799909,-1248805355,1.844474209,-29.8144579,-16.39870411
-204858113.5,-1832375796,-1250222147,1.84468737,-29.81255325,-16.3974042
-204698723.3,-1834951518,-1251638827,1.844899534,-29.81065335,-16.39610789
-204539314.9,-1837527077,-1253055394,1.845110709,-29.80875818,-16.39481517
-204379888.2,-1840102472,-1254471851,1.845320898,-29.80686773,-16.393526
-204220443.5,-1842677704,-1255888196,1.845530108,-29.80498197,-16.39224039
-204060980.7,-1845252773,-1257304430,1.845738344,-29.8031009,-16.39095832
-203901499.9,-1847827680,-1258720553,1.845945612,-29.80122448,-16.38967977
-203742001.3,-1850402425,-1260136567,1.846151917,-29.79935272,-16.38840473
-203582484.9,-1852977008,-1261552470,1.846357264,-29.79748558,-16.38713318
-203422950.8,-1855551430,-1262968263,1.846561659,-29.79562305,-16.38586511
-203263399.1,-1858125692,-1264383948,1.846765106,-29.79376512,-16.38460051
-203103829.8,-1860699793,-1265799522,1.846967612,-29.79191176,-16.38333936
-202944243.1,-1863273734,-1267214989,1.847169182,-29.79006297,-16.38208164
-202784639,-1865847516,-1268630346,1.84736982,-29.78821871,-16.38082735
-202625017.6,-1868421138,-1270045596,1.847569532,-29.78637899,-16.37957647
-202465379,-1870994602,-1271460737,1.847768323,-29.78454377,-16.37832898
-202305723.3,-1873567908,-1272875771,1.847966198,-29.78271305,-16.37708488
-202146050.5,-1876141055,-1274290698,1.848163162,-29.7808868,-16.37584414
-201986360.7,-1878714045,-1275705517,1.84835922,-29.77906502,-16.37460675
-201826654,-1881286878,-1277120230,1.848554378,-29.77724768,-16.37337271
-201666930.5,-1883859554,-1278534836,1.848748639,-29.77543476,-16.37214199
-201507190.3,-1886432073,-1279949336,1.84894201,-29.77362626,-16.37091459
-201347433.4,-1889004436,-1281363730,1.849134494,-29.77182215,-16.36969049
-201187659.9,-1891576644,-1282778019,1.849326098,-29.77002243,-16.36846967
-201027869.8,-1894148696,-1284192202,1.849516825,-29.76822706,-16.36725213
-200868063.4,-1896720594,-1285606280,1.84970668,-29.76643605,-16.36603785
-200708240.6,-1899292337,-1287020253,1.849895668,-29.76464937,-16.36482681
-200548401.4,-1901863925,-1288434122,1.850083795,-29.762867,-16.36361902
-200388546.1,-1904435360,-1289847887,1.850271064,-29.76108893,-16.36241444
-200228674.6,-1907006642,-1291261547,1.85045748,-29.75931515,-16.36121307
-200068787.1,-1909577770,-1292675104,1.850643049,-29.75754564,-16.3600149
-199908883.5,-1912148746,-1294088558,1.850827773,-29.75578038,-16.35881991
-199748964.1,-1914719569,-1295501908,1.851011659,-29.75401936,-16.35762809
-199589028.7,-1917290240,-1296915156,1.851194711,-29.75226257,-16.35643943
-199429077.6,-1919860760,-1298328301,1.851376933,-29.75050998,-16.35525392
-199269110.8,-1922431129,-1299741344,1.851558329,-29.74876158,-16.35407153
-199109128.4,-1925001346,-1301154285,1.851738905,-29.74701737,-16.35289227
-198949130.4,-1927571413,-1302567124,1.851918664,-29.74527732,-16.35171612
-198789116.9,-1930141330,-1303979862,1.852097612,-29.74354141,-16.35054306
-198629087.9,-1932711097,-1305392498,1.852275751,-29.74180964,-16.34937309
-198469043.6,-1935280715,-1306805033,1.852453088,-29.74008199,-16.34820619
-198308984,-1937850184,-1308217468,1.852629625,-29.73835844,-16.34704235
-198148909.3,-1940419504,-1309629802,1.852805368,-29.73663898,-16.34588156
-197988819.3,-1942988675,-1311042037,1.85298032,-29.7349236,-16.3447238
-197828714.3,-1945557698,-1312454171,1.853154486,-29.73321227,-16.34356907
-197668594.2,-1948126574,-1313866205,1.853327871,-29.731505,-16.34241735
-197508459.2,-1950695303,-1315278141,1.853500477,-29.72980175,-16.34126863
-197348309.4,-1953263884,-1316689977,1.85367231,-29.72810252,-16.34012289
-197188144.7,-1955832319,-1318101714,1.853843373,-29.7264073,-16.33898014
-197027965.3,-1958400607,-1319513352,1.854013671,-29.72471606,-16.33784035
-196867771.1,-1960968750,-1320924893,1.854183208,-29.7230288,-16.33670351
-196707562.4,-1963536747,-1322336335,1.854351987,-29.7213455,-16.33556962
-196547339.1,-1966104599,-1323747679,1.854520013,-29.71966614,-16.33443866
-196387101.4,-1968672305,-1325158926,1.85468729,-29.71799072,-16.33331062
-196226849.2,-1971239867,-1326570075,1.854853821,-29.71631922,-16.33218548
-196066582.7,-1973807285,-1327981128,1.855019611,-29.71465162,-16.33106325
-195906301.8,-1976374559,-1329392083,1.855184664,-29.71298792,-16.3299439
-195746006.8,-1978941690,-1330802942,1.855348983,-29.71132809,-16.32882742
-195585697.6,-1981508677,-1332213705,1.855512573,-29.70967213,-16.32771381
-195425374.2,-1984075521,-1333624371,1.855675437,-29.70802002,-16.32660305
-195265036.9,-1986642223,-1335034942,1.855837578,-29.70637174,-16.32549513
-195104685.5,-1989208782,-1336445417,1.855999002,-29.70472729,-16.32439005
-194944320.3,-1991775200,-1337855796,1.856159711,-29.70308665,-16.32328778
-194783941.1,-1994341476,-1339266081,1.85631971,-29.70144981,-16.32218833