-61839490.67,-115793683.8,124552209.6,-1.446610582,26.37394394,-38.21113279
-61959227.8,-113505209.3,121240355.5,-1.323781509,26.60158962,-38.45355843
-62068005.48,-111196645.9,117907186,-1.192802698,26.83907163,-38.7046188
-62165088.14,-108867115,114551934.9,-1.052933385,27.08706733,-38.96479224
-62249672.56,-106515676.6,111173792.8,-0.903345403,27.34631787,-39.23459075
-62320879.71,-104141323.8,107771904.7,-0.743110389,27.61763575,-39.51456236
-62377745.48,-101742976,104345366.6,-0.571184765,27.90191346,-39.80529362
-62419210.01,-99319471.7,100893222,-0.386392002,28.2001333,-40.10741207
-62444105.29,-96869560.32,97414458.53,-0.187401635,28.5133787,-40.42158853
-62451140.85,-94391892.76,93908003.67,0.027295701,28.84284711,-40.74853931
-62438886.99,-91885011.06,90372721.1,0.259418059,29.18986486,-41.08902786
-62405755.32,-89347336.45,86807406.44,0.510927908,29.55590422,-41.44386578
-62349975.82,-86777155.99,83210783.11,0.784075146,29.94260301,-41.81391272
-62269569.79,-84172607.28,79581498.25,1.081449135,30.35178718,-42.2000746
-62162317.96,-81531661.07,75918118.85,1.406041933,30.78549672,-42.60329933
-62025722.4,-78852101.61,72219128.46,1.761325503,31.24601538,-43.02456889
-61856961.14,-76131504.04,68482924.77,2.151346432,31.73590469,-43.46488603
-61652833.65,-73367208.86,64707818.68,2.580842681,32.25804247,-43.92525326
-61409695.08,-70556292.7,60892035.55,3.055388174,32.81566631,-44.40664063
-61123376.55,-67695535.18,57033720.05,3.581572662,33.41242156,-44.90993719
-60789088.06,-64781381.53,53130945.98,4.1672264,34.05241332,-45.4358791
-60401299.56,-61809900.47,49181733.83,4.821701794,34.74026027,-45.98494332
-59953594.76,-58776737.61,45184079.46,5.556227413,35.48114642,-46.55719171
-59438490.52,-55677064.66,41135999.24,6.384353494,36.28086318,-47.15204202
-58847212.96,-52505525.89,37035599.27,7.322512011,37.14582825,-47.76793204
-58169419.34,-49256184.81,32881180,8.390717603,38.08305753,-48.40182607
-57392852.26,-45922476.62,28671392.9,9.613435901,39.10004932,-49.048489
-56502910.93,-42497176.86,24405473.68,11.02063821,40.20451162,-49.69941784
-55482123.31,-38972404.33,20083588.14,12.64903598,41.4038167,-50.34127111
-54309505.99,-35339689.42,15707343.28,14.54342446,42.70399157,-50.95357131
-52959810.11,-31590160.31,11280538.75,16.75792384,44.10793689,-51.50538253
-51402680.96,-27714932.7,6810262.179,19.35661654,45.61239889,-51.95061557
-49601823.73,-23705838.87,2308460.258,22.41252841,47.20301551,-52.22168176
-47514396.45,-19556697.41,-2205872.589,26.0029456,48.84661545,-52.22163435
-45091083.2,-15265390.84,-6703803.38,30.19765405,50.48018347,-51.81617726
-42277658.31,-10837022.24,-11143009.31,35.03533184,51.99726586,-50.82972418
-39019261.17,-6288215.269,-15464464.24,40.48406842,53.23633329,-49.05450235
-35268694.09,-1651955.602,-19590964.26,46.38952126,53.98244318,-46.28646858
-30999009.16,3018912.305,-23430331.75,52.43342435,53.99968805,-42.39806033
-26217626.36,7652766.975,-26886085.65,58.14830732,53.10437362,-37.43215374
-20975219.33,12167675.8,-29875166.72,63.02611667,51.25484339,-31.65876705
-15361993.92,16486143.14,-32346384.64,66.68786521,48.59562505,-25.52765454
-9490518.202,20549832.63,-34290121.5,69.00533342,45.4107766,-19.52353522
-3473378.549,24327180.88,-35734632.7,70.09465536,42.01730744,-14.01952397
2593857.487,27811950.92,-36732970.84,70.21318388,38.67354609,-9.214320768
8639794.933,31016206.41,-37348418.39,69.6474238,35.54344921,-5.15429393
14616418.55,33962344.39,-37643734.14,68.6450114,32.70605719,-1.790891406
20494497.41,36676871.75,-37675327.24,67.39218505,30.18213373,0.967100158
26258316.93,39186504.75,-37491152.05,66.01732974,27.95937937,3.220194306
31901206.73,41516131.47,-37130722.16,64.60374061,26.01005215,5.061549982
37422228.35,43687972.09,-36626067.29,63.20282271,24.30138619,6.570784044
42823898.73,45721407.01,-36002964.21,61.84465868,22.80101584,7.813142513
48110695.02,47633132.75,-35282125.21,60.5455765,21.47942115,8.840941896
53288102.23,49437451.95,-34480224.78,59.31326269,20.31076301,9.695698621
58362021.47,51146596.82,-33610740.13,58.15010579,19.27292099,10.41024032
63338411.83,52771038.34,-32684620.38,57.05533968,18.34717931,11.01053748
68223080.82,54319761.96,-31710812.02,56.02639899,17.51779086,11.51719758
73021568.45,55800504.65,-30696669.22,55.05976664,16.77152993,11.94664631
77739089.43,57219954.63,-29648273.7,54.15149684,16.09728185,12.31204651
82380511.01,58583917.96,-28570684.71,53.2975323,15.48568639,12.62400777
86950352.15,59897456.77,-27468134.92,52.49389131,14.92883685,12.89113315
91452795.05,61165003.65,-26344184.85,51.73677299,14.42003012,13.12044069
95891703.43,62390456.5,-25201845.1,51.02261159,13.95356102,13.31768948
100270644,63577257.23,-24043673.74,50.34809922,13.52455366,13.48763278
104592908.9,64728457.2,-22871854.32,49.71018958,13.12882345,13.63421556
108861538.2,65846771.98,-21688258.77,49.10609051,12.76276415,13.76072944
113079341.4,66934627.11,-20494498.34,48.53325032,12.42325508,13.86993499
117248916.9,67994196.69,-19291965.14,47.98934108,12.10758492,13.96415866
121372671.4,69027435.95,-18081866.19,47.47224071,11.81338874,14.04537017
125452836.3,70036108.84,-16865251.45,46.98001505,11.53859592,14.11524461
129491483.5,71021811.53,-15643037.03,46.51090055,11.28138681,14.17521252
133490539.1,71985992.5,-14416024.55,46.06328789,11.04015671,14.22650038
137451796.4,72929969.76,-13184917.22,45.63570667,10.81348598,14.27016352
141376927.2,73854945.79,-11950333.53,45.22681154,10.60011553,14.30711275
145267492,74762020.45,-10712818.71,44.83537051,10.39892688,14.33813591
149124949.4,75652202.43,-9472854.562,44.46025612,10.208925,14.36391604
152950664.7,76526419.18,-8230867.817,44.10043806,10.02922108,14.38504789
156745918.4,77385525.32,-6987237.09,43.75497364,9.859015738,14.40205253
160511912.5,78230309.78,-5742298.742,43.42299631,9.697586128,14.4153886
164249777.5,79061502.03,-4496351.907,43.1037061,9.544277654,14.42546034
167960577,79879777.72,-3249662.904,42.79636317,9.398497592,14.43262417
171645313.4,80685763.72,-2002469.102,42.50028302,9.259708854,14.43719473
175304932,81480042.68,-754982.2974,42.21483207,9.127423934,14.43945025
178940325.5,82263157.07,492608.3587,41.93942337,9.001199379,14.43963739
182552337.8,83035612.79,1740133.807,41.67351261,8.88063092,14.43797523
186141767.4,83797882.33,2987442.854,41.41659443,8.765349228,14.43465877
189709370.8,84550407.63,4234400.225,41.16819901,8.655016215,14.42986194
193255865.1,85293602.7,5480884.854,40.92788907,8.549321808,14.42374013
196781931.1,86027855.81,6726788.38,40.69525707,8.447981117,14.4164324
200288215.6,86753531.65,7972013.82,40.46992279,8.350731943,14.40806337
203775333.7,87470973.14,9216474.399,40.25153103,8.257332577,14.39874494
207243870.6,88180503.15,10460092.51,40.03974962,8.167559844,14.38857766
210694383.8,88882425.97,11702798.79,39.83426758,8.08120738,14.37765203
214127405,89577028.77,12944531.3,39.63479344,7.998084083,14.36604963
217543441.3,90264582.79,14185234.8,39.44105375,7.918012737,14.35384403
220942976.8,90945344.52,15424860.09,39.2527917,7.840828784,14.34110169
224326474.5,91619556.74,16663363.45,39.06976587,7.766379219,14.32788268
227694376.6,92287449.49,17900706.06,38.8917491,7.694521602,14.31424136
231047106.8,92949240.89,19136853.61,38.71852741,7.625123162,14.30022696
234385070.4,93605138.02,20371775.83,38.54989911,7.558060003,14.28588412
237708656.2,94255337.57,21605446.1,38.38567388,7.493216369,14.27125331
241018236.5,94900026.6,22837841.17,38.225672,7.430484,14.25637128
244314169,95539383.09,24068940.79,38.0697236,7.369761529,14.24127139
247596796.9,96173576.54,25298727.46,37.91766802,7.310953952,14.22598398
250866449.8,96802768.51,26527186.21,37.76935315,7.253972133,14.21053661
254123444.7,97427113.09,27754304.31,37.62463488,7.198732366,14.19495436
257368086.3,98046757.36,28980071.1,37.4833766,7.145155965,14.17926006
260600668,98661841.81,30204477.82,37.34544867,7.093168894,14.16347447
263821472.2,99272500.71,31427517.41,37.21072802,7.042701436,14.14761649
267030770.8,99878862.49,32649184.36,37.07909771,6.993687878,14.13170335
270228826.1,100481050.1,33869474.61,36.95044654,6.94606623,14.11575071
273415890.7,101079181.1,35088385.36,36.82466874,6.89977797,14.09977285
276592208.7,101673368.5,36305915.01,36.70166359,6.8547678,14.08378276
279758015.3,102263720.3,37522063.01,36.58133516,6.810983432,14.06779227
282913537.9,102850340.3,38736829.81,36.46359199,6.768375383,14.05181215
286058995.9,103433328.1,39950216.73,36.34834686,6.726896793,14.03585218
289194601.7,104012779.3,41162225.9,36.23551652,6.686503256,14.01992127
292320560.4,104588785.9,42372860.2,36.12502149,6.647152654,14.00402751
295437070.5,105161436.2,43582123.14,36.01678581,6.608805021,13.98817825
298544324,105730815.2,44790018.87,35.91073689,6.571422403,13.97238016
301642506.8,106297004.7,45996552.08,35.80680528,6.534968731,13.95663927
304731799,106860083.6,47201727.94,35.70492453,6.499409714,13.94096106
307812375,107420127.5,48405552.1,35.60503101,6.46471272,13.92535048
310884403.9,107977209.8,49608030.58,35.50706377,6.430846688,13.90981199
313948049.4,108531400.9,50809169.8,35.4109644,6.397782026,13.89434962
317003470.7,109082768.8,52008976.49,35.31667688,6.365490531,13.87896697
320050821.8,109631379.2,53207457.69,35.22414748,6.333945308,13.86366731
323090252.5,110177295.3,54404620.68,35.13332462,6.30312069,13.84845352
326121908,110720578.5,55600473,35.0441588,6.272992176,13.83332821
329145929.5,111261287.8,56795022.41,34.95660245,6.243536362,13.81829367
332162454,111799480.3,57988276.82,34.87060984,6.214730879,13.80335193
335171614.7,112335211.4,59180244.34,34.78613704,6.186554342,13.78850478
338173541,112868534.4,60370933.22,34.70314176,6.158986289,13.77375379
341168358.9,113399501.2,61560351.81,34.62158335,6.132007138,13.75910031
344156190.9,113928161.7,62748508.59,34.54142264,6.105598138,13.74454552
347137155.9,114454564.4,63935412.14,34.46262193,6.079741325,13.7300904
350111370.1,114978756.4,65121071.11,34.3851449,6.054419482,13.71573578
353078946.1,115500783,66305494.2,34.30895656,6.0296161,13.70148236
356039993.9,116020688.5,67488690.19,34.23402316,6.005315342,13.68733068
358994620.5,116538515.6,68670667.89,34.16031215,5.981502011,13.67328116
361942930.1,117054305.7,69851436.13,34.08779215,5.958161516,13.65933411
364885024.4,117568099.1,71031003.78,34.01643286,5.935279841,13.64548974
367821002.3,118079934.9,72209379.71,33.94620504,5.912843522,13.63174814
370750960.4,118589850.9,73386572.82,33.87708043,5.890839613,13.61810934
373674992.8,119097884,74562591.97,33.80903175,5.86925567,13.60457328
376593191.3,119604070,75737446.03,33.74203264,5.848079717,13.5911398
379505645.5,120108443.6,76911143.87,33.67605761,5.827300233,13.57780871
382412442.9,120611038.6,78083694.32,33.61108201,5.806906125,13.56457974
385313668.6,121111887.8,79255106.18,33.54708201,5.786886711,13.55145255
388209406.1,121611023.1,80425388.24,33.48403455,5.767231702,13.53842677
391099736.6,122108475.7,81594549.24,33.4219173,5.747931179,13.52550197
393984739.5,122604275.6,82762597.88,33.36070866,5.728975583,13.51267768
396864492.6,123098452.3,83929542.82,33.3003877,5.710355695,13.49995338
399739071.5,123591034.4,85095392.69,33.24093416,5.692062621,13.48732854
402608550.4,124082049.9,86260156.04,33.1823284,5.674087782,13.47480257
405473001.7,124571525.7,87423841.4,33.12455138,5.656422892,13.46237486
408332496.2,125059488.5,88586457.23,33.06758466,5.639059955,13.45004479
411187103.2,125545963.8,89748011.93,33.01141035,5.621991246,13.43781168
414036890.3,126030976.8,90908513.86,32.9560111,5.6052093,13.42567486
416881923.7,126514552,92067971.3,32.90137007,5.588706907,13.41363363
419722268.4,126996713.2,93226392.48,32.84747094,5.572477093,13.40168728
422557987.6,127477483.7,94383785.57,32.79429783,5.556513117,13.38983507
425389143.5,127956886.1,95540158.67,32.74183537,5.540808456,13.37807625
428215796.8,128434942.7,96695519.82,32.69006859,5.525356802,13.36641008
431038007,128911674.9,97849876.98,32.63898299,5.510152048,13.35483578
433855832.3,129387103.9,99003238.07,32.58856446,5.495188284,13.34335259
436669329.7,129861250.2,100155610.9,32.53879928,5.480459786,13.33195971
439478555.2,130334134,101307003.3,32.48967414,5.465961011,13.32065636
442283563.5,130805774.7,102457422.9,32.44117608,5.451686589,13.30944176
445084408.1,131276191.7,103606877.4,32.3932925,5.437631316,13.29831509
447881141.8,131745403.6,104755374.2,32.34601116,5.423790147,13.28727557
450673815.9,132213428.7,105902921.1,32.29932014,5.410158194,13.27632239
453462481,132680284.8,107049525.2,32.25320783,5.396730714,13.26545475
456247186.5,133145989.5,108195194.1,32.20766296,5.383503108,13.25467184
459027981.1,133610559.8,109339934.9,32.16267455,5.370470914,13.24397287
461804912.4,134074012.4,110483755,32.11823189,5.357629801,13.23335704
464578027,134536363.6,111626661.4,32.07432457,5.344975566,13.22282354
467347370.8,134997629.4,112768661.2,32.03094245,5.33250413,13.21237157
470112988.7,135457825.5,113909761.5,31.98807564,5.32021153,13.20200035
472874924.9,135916967,115049969.2,31.94571453,5.308093918,13.19170908
475633222.5,136375069,116189291.1,31.90384973,5.296147556,13.18149698
478387924.1,136832146.1,117327734.1,31.86247209,5.284368811,13.17136325
481139071.4,137288212.7,118465304.9,31.8215727,5.272754154,13.16130712
483886705.4,137743282.7,119602010.2,31.78114287,5.261300152,13.15132781
486630866.2,138197369.9,120737856.6,31.74117412,5.25000347,13.14142456
489371593.3,138650487.7,121872850.6,31.70165818,5.238860862,13.1315966
492108925.6,139102649.4,123006998.6,31.66258699,5.227869175,13.12184317
494842900.9,139553867.8,124140307.2,31.62395269,5.217025338,13.11216351
497573556.9,140004155.5,125272782.6,31.58574758,5.206326364,13.10255689
500300930.3,140453525.1,126404431.1,31.54796418,5.195769347,13.09302254
503025057.1,140901988.5,127535258.9,31.51059518,5.185351457,13.08355975
505745972.8,141349557.7,128665272.3,31.47363342,5.17506994,13.07416778
508463712.5,141796244.4,129794477.1,31.43707193,5.164922113,13.0648459
511178310.2,142242060,130922879.6,31.4009039,5.154905366,13.0555934
513889799.8,142687015.8,132050485.7,31.36512268,5.145017154,13.04640957
516598214.4,143131122.6,133177301.2,31.32972177,5.135254998,13.03729371
519303586.5,143574391.4,134303331.9,31.29469482,5.125616484,13.02824512
522005948.2,144016832.6,135428583.8,31.26003561,5.116099257,13.01926311
524705331.1,144458456.8,136553062.5,31.22573809,5.106701023,13.01034699
527401766,144899273.9,137676773.7,31.19179633,5.097419547,13.0014961
530095283.5,145339294.2,138799722.9,31.15820453,5.088252647,12.99270975
532785913.7,145778527.2,139921915.8,31.12495702,5.079198197,12.9839873
535473685.9,146216982.8,141043357.7,31.09204827,5.070254124,12.97532808
538158629.2,146654670.3,142164054.2,31.05947284,5.061418403,12.96673145
540840772.2,147091599,143284010.7,31.02722544,5.052689061,12.95819676
543520143.1,147527778,144403232.4,30.99530089,5.044064171,12.94972338
546196769.4,147963216.2,145521724.6,30.9636941,5.035541855,12.94131068
548870678.4,148397922.5,146639492.6,30.93240012,5.027120276,12.93295805
551541897,148831905.4,147756541.5,30.90141408,5.018797645,12.92466486
554210451.5,149265173.5,148872876.4,30.87073122,5.010572212,12.91643052
556876367.9,149697735.1,149988502.4,30.84034689,5.002442269,12.90825442
559539671.9,150129598.2,151103424.4,30.81025654,4.994406149,12.90013596
562200388.6,150560771.1,152217647.5,30.78045569,4.986462222,12.89207457
564858542.9,150991261.5,153331176.5,30.75093997,4.978608897,12.88406967
567514159.1,151421077.3,154444016.4,30.72170511,4.970844619,12.87612067
570167261.5,151850226,155556171.8,30.69274691,4.963167868,12.86822702
572817873.6,152278715.2,156667647.6,30.66406127,4.95557716,12.86038815
575466019,152706552.2,157778448.4,30.63564415,4.948071042,12.85260351
578111720.6,153133744.2,158888579,30.60749162,4.940648097,12.84487256
580755001,153560298.5,159998043.9,30.57959981,4.933306936,12.83719475
583395882.8,153986222,161106847.8,30.55196494,4.926046204,12.82956955
586034387.9,154411521.6,162214995.1,30.52458328,4.918864573,12.82199644
588670538,154836204,163322490.2,30.49745121,4.911760746,12.81447488
591304354.5,155260276,164429337.8,30.47056515,4.904733454,12.80700438
593935858.6,155683744.1,165535542.1,30.44392161,4.897781455,12.79958441
596565071.1,156106614.8,166641107.4,30.41751716,4.890903535,12.79221447
599192012.4,156528894.4,167746038.1,30.39134843,4.884098505,12.78489407
601816702.8,156950589.1,168850338.5,30.36541212,4.877365201,12.77762272
604439162.2,157371705.1,169954012.8,30.339705,4.870702485,12.77039993
607059410.3,157792248.5,171057065,30.3142239,4.864109242,12.76322522
609677466.5,158212225.2,172159499.4,30.28896569,4.857584381,12.75609811
612293349.9,158631641,173261320.1,30.26392733,4.851126835,12.74901815
614907079.4,159050501.8,174362531.1,30.23910581,4.844735555,12.74198487
617518673.6,159468813.2,175463136.4,30.21449819,4.838409519,12.73499781
620128150.8,159886580.8,176563140.1,30.19010158,4.832147722,12.72805652
622735529.1,160303810.1,177662545.9,30.16591315,4.825949182,12.72116055
625340826.5,160720506.6,178761357.9,30.14193011,4.819812936,12.71430947
627944060.5,161136675.6,179859579.9,30.11814973,4.81373804,12.70750283
630545248.5,161552322.3,180957215.7,30.09456933,4.807723571,12.70074022
633144407.7,161967451.9,182054269,30.07118628,4.801768622,12.6940212
635741555.1,162382069.6,183150743.8,30.04799798,4.795872306,12.68734535
638336707.3,162796180.3,184246643.5,30.0250019,4.790033753,12.68071227
640929880.9,163209789.1,185341972.1,30.00219555,4.784252109,12.67412153
643521092.1,163622900.7,186436732.9,29.97957646,4.778526539,12.66757274
646110357,164035520,187530929.8,29.95714223,4.772856223,12.6610655
648697691.5,164447651.8,188624566.3,29.9348905,4.767240357,12.65459941
651283111.3,164859300.7,189717645.8,29.91281894,4.761678152,12.64817408
653866631.8,165270471.3,190810171.9,29.89092527,4.756168837,12.64178912
656448268.2,165681168.2,191902148.1,29.86920725,4.750711652,12.63544416
659028035.8,166091395.8,192993577.8,29.84766266,4.745305854,12.62913882
661605949.3,166501158.5,194084464.4,29.82628934,4.739950713,12.62287272
664182023.4,166910460.7,195174811.3,29.80508516,4.734645514,12.6166455
666756272.8,167319306.7,196264621.9,29.78404802,4.729389554,12.6104568
669328711.7,167727700.6,197353899.3,29.76317587,4.724182144,12.60430625
671899354.3,168135646.7,198442647.1,29.74246668,4.719022608,12.5981935
674468214.6,168543149.1,199530868.3,29.72191846,4.713910281,12.59211821
677035306.4,168950211.8,200618566.2,29.70152925,4.708844513,12.58608002
679600643.4,169356838.7,201705744,29.68129712,4.703824664,12.5800786
682164239,169763034,202792404.8,29.66122019,4.698850106,12.5741136
684726106.6,170168801.3,203878551.8,29.64129659,4.693920223,12.56818469
687286259.4,170574144.7,204964188.1,29.62152448,4.689034409,12.56229154
689844710.4,170979067.7,206049316.8,29.60190208,4.684192071,12.55643383
692401472.3,171383574.3,207133940.9,29.5824276,4.679392624,12.55061123
694956558.1,171787668,208218063.4,29.5630993,4.674635495,12.54482343
697509980.1,172191352.5,209301687.4,29.54391546,4.669920122,12.5390701
700061750.8,172594631.4,210384815.7,29.5248744,4.665245952,12.53335095
702611882.4,172997508.2,211467451.4,29.50597445,4.660612441,12.52766565
705160387.2,173399986.4,212549597.3,29.48721399,4.656019055,12.52201391
707707277,173802069.4,213631256.4,29.46859139,4.651465271,12.51639542
710252563.7,174203760.7,214712431.4,29.45010508,4.646950573,12.5108099
712796259,174605063.6,215793125.3,29.4317535,4.642474455,12.50525704
715338374.5,175005981.4,216873340.8,29.41353511,4.638036419,12.49973656
717878921.7,175406517.3,217953080.7,29.3954484,4.633635977,12.49424816
720417911.8,175806674.7,219032347.8,29.37749188,4.629272647,12.48879157
722955356,176206456.7,220111144.8,29.3596641,4.624945958,12.48336651
725491265.4,176605866.4,221189474.4,29.3419636,4.620655444,12.47797269
728025650.9,177004907,222267339.3,29.32438897,4.61640065,12.47260985
730558523.4,177403581.5,223344742.3,29.30693881,4.612181127,12.46727771
733089893.5,177801892.9,224421685.8,29.28961174,4.607996432,12.46197601
735619771.8,178199844.3,225498172.6,29.2724064,4.603846133,12.45670448
738148168.8,178597438.5,226574205.2,29.25532146,4.599729802,12.45146287
740675094.8,178994678.5,227649786.2,29.23835561,4.59564702,12.4462509
743200560,179391567.3,228724918.2,29.22150754,4.591597374,12.44106833
745724574.6,179788107.5,229799603.7,29.20477598,4.587580458,12.4359149
748247148.6,180184302.1,230873845.1,29.18815967,4.583595872,12.43079037
750768291.9,180580153.8,231947645.1,29.17165738,4.579643224,12.42569448
753288014.3,180975665.3,233021005.9,29.15526787,4.575722127,12.42062699
755806325.4,181370839.5,234093930.2,29.13898995,4.5718322,12.41558767
758323234.9,181765678.8,235166420.3,29.12282242,4.567973071,12.41057627
760838752.3,182160186.1,236238478.6,29.10676413,4.564144369,12.40559255
763352886.9,182554363.8,237310107.5,29.09081392,4.560345734,12.40063628
765865648,182948214.7,238381309.3,29.07497065,4.556576808,12.39570724
768377044.8,183341741.2,239452086.5,29.0592332,4.552837241,12.39080519
770887086.5,183734945.8,240522441.2,29.04360047,4.549126688,12.3859299
773395782,184127831.1,241592375.9,29.02807138,4.545444807,12.38108116
775903140.2,184520399.5,242661892.8,29.01264484,4.541791265,12.37625874
778409169.9,184912653.4,243730994.2,28.99731981,4.538165732,12.37146243
780913879.9,185304595.3,244799682.3,28.98209524,4.534567885,12.366692
783417278.9,185696227.5,245867959.3,28.9669701,4.530997402,12.36194725
785919375.2,186087552.4,246935827.5,28.95194338,4.527453971,12.35722796
788420177.5,186478572.4,248003289,28.93701409,4.523937281,12.35253393
790919694,186869289.6,249070346.1,28.92218122,4.520447028,12.34786494
793417933.1,187259706.4,250137000.8,28.90744383,4.516982911,12.34322079
795914903,187649825,251203255.3,28.89280093,4.513544635,12.33860129
798410611.8,188039647.6,252269111.8,28.8782516,4.510131908,12.33400622
800905067.6,188429176.5,253334572.3,28.8637949,4.506744444,12.32943539
803398278.2,188818413.8,254399638.9,28.8494299,4.50338196,12.32488862
805890251.7,189207361.6,255464313.8,28.8351557,4.500044178,12.32036569
808380995.7,189596022.1,256528598.8,28.82097141,4.496730823,12.31586642
810870518.1,189984397.4,257592496.1,28.80687614,4.493441626,12.31139063
813358826.5,190372489.5,258656007.8,28.79286902,4.49017632,12.30693811
815845928.4,190760300.5,259719135.7,28.77894919,4.486934643,12.3025087
818331831.4,191147832.5,260781881.9,28.76511581,4.483716337,12.29810219
820816542.9,191535087.4,261844248.4,28.75136803,4.480521147,12.29371842
823300070.2,191922067.2,262906237.1,28.73770503,4.477348822,12.28935721
825782420.7,192308773.9,263967850,28.724126,4.474199115,12.28501836
828263601.6,192695209.4,265029088.9,28.71063013,4.471071782,12.28070171
830743620,193081375.7,266089955.9,28.69721663,4.467966582,12.27640709
833222483,193467274.7,267150452.7,28.68388471,4.464883281,12.27213432
835700197.6,193852908.2,268210581.3,28.6706336,4.461821642,12.26788323
838176770.8,194238278.1,269270343.6,28.65746253,4.458781438,12.26365365
840652209.4,194623386.2,270329741.3,28.64437076,4.45576244,12.25944541
843126520.3,195008234.5,271388776.3,28.63135755,4.452764426,12.25525836
845599710.2,195392824.5,272447450.5,28.61842214,4.449787175,12.25109232
848071785.9,195777158.3,273505765.7,28.60556383,4.446830469,12.24694713
850542753.8,196161237.4,274563723.6,28.59278189,4.443894094,12.24282264
853012620.7,196545063.7,275621326,28.58007561,4.440977839,12.23871868
855481393.1,196928639,276678574.8,28.56744431,4.438081495,12.2346351
857949077.3,197311964.8,277735471.6,28.55488729,4.435204858,12.23057174
860415679.7,197695042.9,278792018.1,28.54240387,4.432347723,12.22652845
862881206.8,198077875,279848216.3,28.52999338,4.429509892,12.22250507
865345664.7,198460462.8,280904067.6,28.51765515,4.426691167,12.21850146
867809059.6,198842807.8,281959573.9,28.50538853,4.423891353,12.21451747
870271397.8,199224911.8,283014736.8,28.49319288,4.421110259,12.21055294
872732685.4,199606776.2,284069558,28.48106755,4.418347696,12.20660774
875192928.3,199988402.8,285124039.1,28.46901191,4.415603476,12.20268171
877652132.6,200369793,286178181.9,28.45702533,4.412877417,12.19877472
880110304.3,200750948.5,287231988,28.44510721,4.410169335,12.19488662
882567449.1,201131870.8,288285458.9,28.43325693,4.407479051,12.19101727
885023573,201512561.4,289338596.3,28.4214739,4.40480639,12.18716653
887478681.7,201893021.8,290391401.8,28.40975751,4.402151175,12.18333427
889932781,202273253.6,291443877,28.39810719,4.399513236,12.17952035
892385876.5,202653258.2,292496023.4,28.38652234,4.396892401,12.17572463
894837973.9,203033037.1,293547842.7,28.37500241,4.394288504,12.17194698
897289078.8,203412591.7,294599336.4,28.36354681,4.391701379,12.16818727
899739196.7,203791923.6,295650506,28.352155,4.389130861,12.16444536
902188333,204171034,296701353,28.34082642,4.386576791,12.16072113
904636493.3,204549924.5,297751879.1,28.32956053,4.384039009,12.15701445
907083682.8,204928596.4,298802085.6,28.31835678,4.381517358,12.15332519
909529907.1,205307051.2,299851974.2,28.30721464,4.379011682,12.14965323
911975171.3,205685290.1,300901546.2,28.29613359,4.376521829,12.14599843
914419480.7,206063314.6,301950803.2,28.2851131,4.374047648,12.14236069
916862840.6,206441126,302999746.6,28.27415265,4.371588988,12.13873986
919305256,206818725.6,304048377.9,28.26325175,4.369145704,12.13513584
921746732.2,207196114.8,305096698.6,28.25240988,4.366717649,12.1315485
924187274.1,207573294.9,306144710,28.24162655,4.364304681,12.12797773
926626886.9,207950267.1,307192413.6,28.23090127,4.361906656,12.1244234
929065575.5,208327032.8,308239810.8,28.22023355,4.359523435,12.1208854
931503344.9,208703593.2,309286903.1,28.20962291,4.357154881,12.11736362
933940200,209079949.5,310333691.7,28.19906888,4.354800856,12.11385794
936376145.6,209456103.2,311380178.2,28.18857098,4.352461225,12.11036824
938811186.7,209832055.3,312426363.8,28.17812875,4.350135855,12.10689441
941245327.9,210207807,313472250,28.16774174,4.347824616,12.10343635
943678574,210583359.7,314517838.1,28.15740949,4.345527376,12.09999394
946110929.8,210958714.6,315563129.4,28.14713154,4.343244008,12.09656708
948542399.9,211333872.7,316608125.3,28.13690746,4.340974385,12.09315565
950972988.9,211708835.3,317652827.1,28.12673681,4.338718382,12.08975955
953402701.5,212083603.6,318697236.2,28.11661916,4.336475874,12.08637867
955831542.2,212458178.8,319741353.8,28.10655406,4.334246741,12.08301291
958259515.6,212832561.9,320785181.3,28.09654111,4.33203086,12.07966216
960686626,213206754.1,321828719.9,28.08657987,4.329828114,12.07632633
963112878.1,213580756.5,322871970.9,28.07666994,4.327638384,12.0730053
965538276.1,213954570.4,323914935.6,28.06681091,4.325461553,12.06969897
967962824.4,214328196.7,324957615.3,28.05700236,4.323297507,12.06640725
970386527.5,214701636.5,326000011.2,28.0472439,4.321146133,12.06313004
972809389.6,215074891.1,327042124.6,28.03753512,4.319007317,12.05986724
975231415,215447961.3,328083956.7,28.02787564,4.316880949,12.05661875
977652607.9,215820848.4,329125508.7,28.01826507,4.31476692,12.05338447
980072972.6,216193553.4,330166781.9,28.00870302,4.312665121,12.05016431
982492513.2,216566077.3,331207777.5,27.99918911,4.310575444,12.04695817
984911233.9,216938421.2,332248496.7,27.98972296,4.308497784,12.04376596
987329138.7,217310586.1,333288940.6,27.98030421,4.306432037,12.04058759
989746231.8,217682573,334329110.6,27.97093248,4.304378099,12.03742296
992162517.2,218054383,335369007.7,27.96160741,4.302335868,12.03427198
994577998.9,218426017,336408633.2,27.95232864,4.300305243,12.03113456
996992680.9,218797476,337447988.2,27.9430958,4.298286124,12.02801062
999406567.1,219168761.1,338487073.8,27.93390856,4.296278413,12.02490005
1001819662,219539873.3,339525891.3,27.92476655,4.294282011,12.02180278
1004231968,219910813.4,340564441.7,27.91566944,4.292296823,12.01871871
1006643491,220281582.5,341602726.2,27.90661687,4.290322753,12.01564777
1009054233,220652181.5,342640746,27.89760852,4.288359706,12.01258985
1011464199,221022611.4,343678502.1,27.88864404,4.286407591,12.00954489
1013873392,221392873,344715995.7,27.87972311,4.284466314,12.00651278
1016281816,221762967.4,345753227.9,27.87084539,4.282535784,12.00349346
1018689475,222132895.5,346790199.8,27.86201056,4.280615912,12.00048683
1021096373,222502658.2,347826912.4,27.8532183,4.278706608,11.99749282
1023502512,222872256.3,348863366.9,27.84446829,4.276807784,11.99451134
1025907898,223241690.9,349899564.3,27.83576022,4.274919354,11.99154231
1028312533,223610962.7,350935505.8,27.82709376,4.273041231,11.98858565
1030716421,223980072.7,351971192.3,27.81846863,4.271173329,11.98564128
1033119565,224349021.7,353006624.9,27.8098845,4.269315566,11.98270913
1035521970,224717810.7,354041804.8,27.80134108,4.267467856,11.97978911
1037923638,225086440.5,355076732.8,27.79283806,4.265630119,11.97688115
1040324574,225454911.9,356111410.2,27.78437516,4.263802272,11.97398517
1042724780,225823225.8,357145837.8,27.77595207,4.261984235,11.9711011
1045124259,226191383,358180016.8,27.76756851,4.260175929,11.96822885
1047523017,226559384.5,359213948.1,27.75922418,4.258377273,11.96536836
1049921054,226927230.9,360247632.8,27.75091881,4.256588192,11.96251955
1052318376,227294923.2,361281071.8,27.74265211,4.254808606,11.95968234
1054714986,227662462.1,362314266.2,27.7344238,4.253038441,11.95685667
1057110886,228029848.5,363347217,27.7262336,4.251277619,11.95404247
1059506080,228397083.1,364379925.1,27.71808125,4.249526068,11.95123965
1061900571,228764166.9,365412391.5,27.70996646,4.247783712,11.94844815
1064294363,229131100.4,366444617.3,27.70188898,4.24605048,11.94566789
1066687459,229497884.6,367476603.3,27.69384853,4.244326297,11.94289882
1069079861,229864520.3,368508350.5,27.68584486,4.242611094,11.94014085
1071471574,230231008.1,369539859.9,27.67787769,4.240904799,11.93739393
1073862600,230597348.9,370571132.5,27.66994678,4.239207341,11.93465798
1076252942,230963543.4,371602169.1,27.66205186,4.237518653,11.93193293
1078642603,231329592.3,372632970.8,27.65419269,4.235838664,11.92921872
1081031587,231695496.5,373663538.4,27.64636901,4.234167308,11.92651528
1083419897,232061256.7,374693872.9,27.63858057,4.232504517,11.92382254
1085807535,232426873.6,375723975.3,27.63082713,4.230850225,11.92114045
1088194505,232792347.9,376753846.3,27.62310845,4.229204365,11.91846893
1090580809,233157680.3,377783487,27.61542428,4.227566873,11.91580792
1092966451,233522871.7,378812898.2,27.60777438,4.225937685,11.91315736
1095351434,233887922.6,379842080.9,27.60015851,4.224316736,11.91051718
1097735760,234252833.8,380871035.9,27.59257645,4.222703963,11.90788732
1100119432,234617606.1,381899764.1,27.58502796,4.221099304,11.90526772
1102502453,234982240,382928266.4,27.57751281,4.219502698,11.90265832
1104884827,235346736.4,383956543.8,27.57003076,4.217914083,11.90005905
1107266556,235711095.8,384984596.9,27.5625816,4.216333398,11.89746986
1109647642,236075319,386012426.8,27.5551651,4.214760583,11.89489068
1112028089,236439406.7,387040034.3,27.54778104,4.21319558,11.89232146
1114407899,236803359.4,388067420.3,27.5404292,4.211638328,11.88976214
1116787076,237167178,389094585.5,27.53310936,4.210088772,11.88721265
1119165622,237530863,390121530.9,27.5258213,4.208546851,11.88467294
1121543539,237894415.1,391148257.3,27.51856481,4.207012511,11.88214295
1123920831,238257835,392174765.5,27.51133968,4.205485693,11.87962262
1126297499,238621123.2,393201056.3,27.5041457,4.203966343,11.8771119
1128673548,238984280.6,394227130.7,27.49698266,4.202454404,11.87461073
1131048979,239347307.6,395252989.4,27.48985036,4.200949823,11.87211905
1133423795,239710204.9,396278633.1,27.48274858,4.199452545,11.86963682
1135797999,240072973.2,397304062.9,27.47567714,4.197962517,11.86716396
1138171593,240435613,398329279.3,27.46863582,4.196479684,11.86470044
1140544580,240798125.1,399354283.4,27.46162443,4.195003995,11.86224619
1142916962,241160509.9,400379075.8,27.45464277,4.193535397,11.85980116
1145288743,241522768.2,401403657.3,27.44769064,4.192073839,11.85736529
1147659924,241884900.5,402428028.7,27.44076786,4.19061927,11.85493854
1150030508,242246907.4,403452190.9,27.43387423,4.189171638,11.85252086
1152400498,242608789.5,404476144.6,27.42700956,4.187730895,11.85011218
1154769897,242970547.5,405499890.6,27.42017367,4.18629699,11.84771246
1157138705,243332181.9,406523429.6,27.41336635,4.184869873,11.84532164
1159506927,243693693.2,407546762.4,27.40658744,4.183449497,11.84293968
1161874564,244055082.1,408569889.8,27.39983675,4.182035814,11.84056653
1164241620,244416349.2,409592812.5,27.39311408,4.180628774,11.83820213
1166608095,244777495,410615531.4,27.38641928,4.179228332,11.83584643
1168973994,245138520,411638047.1,27.37975215,4.17783444,11.83349939
1171339317,245499424.9,412660360.3,27.37311252,4.176447052,11.83116096
1173704068,245860210.3,413682471.9,27.36650021,4.175066121,11.82883108
1176068249,246220876.6,414704382.6,27.35991505,4.173691603,11.82650971
1178431862,246581424.4,415726093,27.35335687,4.172323452,11.8241968
1180794910,246941854.2,416747604,27.34682549,4.170961624,11.82189231
1183157395,247302166.7,417768916.3,27.34032075,4.169606074,11.81959618
1185519318,247662362.3,418790030.5,27.33384248,4.168256758,11.81730838
1187880683,248022441.7,419810947.4,27.3273905,4.166913633,11.81502884
1190241492,248382405.2,420831667.7,27.32096467,4.165576656,11.81275753
1192601747,248742253.5,421852192.1,27.3145648,4.164245784,11.81049441
1194961450,249101987,422872521.4,27.30819075,4.162920975,11.80823942
1197320603,249461606.4,423892656.1,27.30184234,4.161602187,11.80599252
1199679209,249821112.1,424912597.1,27.29551942,4.16028938,11.80375367
1202037269,250180504.6,425932345,27.28922184,4.15898251,11.80152281
1204394787,250539784.4,426951900.5,27.28294942,4.157681539,11.79929992
1206751764,250898952.1,427971264.3,27.27670202,4.156386425,11.79708494
1209108202,251258008.2,428990437,27.27047949,4.155097129,11.79487783
1211464103,251616953.1,430009419.4,27.26428166,4.153813611,11.79267855
1213819470,251975787.3,431028212.1,27.2581084,4.152535832,11.79048705
1216174305,252334511.4,432046815.8,27.25195954,4.151263753,11.78830329
1218528610,252693125.9,433065231.1,27.24583494,4.149997335,11.78612723
1220882386,253051631.1,434083458.8,27.23973445,4.14873654,11.78395883
1223235637,253410027.7,435101499.4,27.23365792,4.147481331,11.78179805
1225588363,253768316,436119353.7,27.22760522,4.146231669,11.77964484
1227940567,254126496.7,437137022.2,27.22157618,4.144987519,11.77749916
1230292252,254484570.1,438154505.8,27.21557068,4.143748842,11.77536098
1232643419,254842536.6,439171804.8,27.20958856,4.142515602,11.77323025
1234994070,255200396.9,440188920.2,27.20362969,4.141287764,11.77110694
1237344207,255558151.3,441205852.3,27.19769393,4.140065292,11.768991
1239693832,255915800.3,442222602,27.19178114,4.138848149,11.76688239
1242042947,256273344.4,443239169.8,27.18589117,4.137636301,11.76478107
1244391554,256630784,444255556.4,27.18002391,4.136429713,11.76268702
1246739656,256988119.6,445271762.3,27.1741792,4.135228349,11.76060017
1249087253,257345351.7,446287788.3,27.16835692,4.134032177,11.75852051
1251434349,257702480.5,447303634.9,27.16255693,4.132841162,11.75644799
1253780944,258059506.8,448319302.7,27.15677911,4.13165527,11.75438257
1256127041,258416430.7,449334792.4,27.15102331,4.130474467,11.75232422
1258472641,258773252.9,450350104.5,27.14528941,4.129298722,11.75027289
1260817747,259129973.7,451365239.8,27.13957729,4.128128,11.74822855
1263162361,259486593.5,452380198.6,27.1338868,4.12696227,11.74619117
1265506483,259843112.9,453394981.8,27.12821784,4.125801498,11.74416071
1267850117,260199532.2,454409589.8,27.12257026,4.124645654,11.74213713
1270193264,260555851.8,455424023.3,27.11694395,4.123494705,11.74012039
1272535926,260912072.2,456438282.8,27.11133878,4.122348621,11.73811047
1274878104,261268193.8,457452369,27.10575464,4.121207369,11.73610732
1277219801,261624217,458466282.3,27.10019139,4.120070919,11.7341109
1279561018,261980142.2,459480023.5,27.09464891,4.118939241,11.7321212
1281901757,262335969.8,460493593.1,27.08912709,4.117812304,11.73013816
1284242020,262691700.3,461506991.6,27.08362582,4.116690077,11.72816175
1286581808,263047334,462520219.6,27.07814496,4.115572532,11.72619195
1288921124,263402871.4,463533277.8,27.0726844,4.114459638,11.72422872
1291259968,263758312.8,464546166.5,27.06724403,4.113351366,11.72227202
1293598344,264113658.6,465558886.5,27.06182373,4.112247688,11.72032181
1295936252,264468909.3,466571438.3,27.05642339,4.111148573,11.71837808
1298273694,264824065.2,467583822.5,27.05104289,4.110053994,11.71644078
1300610673,265179126.8,468596039.5,27.04568212,4.108963923,11.71450987
1302947189,265534094.3,469608089.9,27.04034097,4.10787833,11.71258534
1305283244,265888968.3,470619974.4,27.03501932,4.106797189,11.71066714
1307618841,266243749,471631693.4,27.02971708,4.105720471,11.70875525
1309953980,266598436.9,472643247.5,27.02443412,4.104648149,11.70684962
1312288664,266953032.3,473654637.2,27.01917034,4.103580197,11.70495024
1314622893,267307535.7,474665863.1,27.01392564,4.102516586,11.70305707
1316956670,267661947.3,475676925.6,27.0086999,4.10145729,11.70117007
1319289997,268016267.6,476687825.4,27.00349302,4.100402283,11.69928922
1321622875,268370496.9,477698563,26.9983049,4.099351539,11.69741448
1323955305,268724635.7,478709138.8,26.99313542,4.09830503,11.69554583
1326287289,269078684.2,479719553.5,26.98798449,4.097262732,11.69368323
1328618829,269432642.8,480729807.5,26.98285201,4.096224619,11.69182665
1330949926,269786511.9,481739901.3,26.97773787,4.095190665,11.68997607
1333280583,270140291.9,482749835.5,26.97264197,4.094160845,11.68813146
1335610799,270493983,483759610.6,26.9675642,4.093135133,11.68629278
1337940578,270847585.7,484769227.1,26.96250448,4.092113506,11.68446
1340269921,271201100.3,485778685.5,26.9574627,4.091095938,11.6826331
1342598828,271554527.2,486787986.2,26.95243877,4.090082406,11.68081204
1344927303,271907866.7,487797129.9,26.94743258,4.089072883,11.67899681
1347255345,272261119.1,488806117.1,26.94244404,4.088067348,11.67718736
1349582957,272614284.9,489814948.1,26.93747305,4.087065775,11.67538367
1351910141,272967364.2,490823623.5,26.93251952,4.086068142,11.67358572
1354236897,273320357.5,491832143.9,26.92758335,4.085074424,11.67179347
1356563228,273673265.2,492840509.6,26.92266445,4.084084599,11.6700069
1358889134,274026087.5,493848721.2,26.91776272,4.083098642,11.66822597
1361214618,274378824.7,494856779.2,26.91287808,4.082116532,11.66645067
1363539680,274731477.3,495864684.1,26.90801043,4.081138246,11.66468096
1365864322,275084045.5,496872436.2,26.90315968,4.080163761,11.66291682
1368188547,275436529.7,497880036.2,26.89832574,4.079193054,11.66115822
1370512354,275788930.2,498887484.5,26.89350852,4.078226104,11.65940513
1372835745,276141247.3,499894781.6,26.88870793,4.077262888,11.65765752
1375158723,276493481.3,500901927.9,26.88392388,4.076303385,11.65591538
1377481288,276845632.6,501908923.9,26.87915628,4.075347572,11.65417867
1379803442,277197701.5,502915770.1,26.87440505,4.074395429,11.65244737
1382125185,277549688.3,503922467,26.8696701,4.073446934,11.65072145